"genes","baseMean","log2FoldChange","lfcSE","pvalue","padj","isDescendant","swiss_prot","fly"
"TRINITY_DN1004_c8_g2",341.627012478045,-0.46582680902891,0.263057617310135,0.00410068377865476,0.0697146979160888,FALSE,"SRPK1_MOUSE","M9NDF9_DROME"
"TRINITY_DN10093_c0_g1",93.7744259921822,-1.38116959202979,1.15591551678337,2.19008808945542e-05,0.00301181053120641,FALSE,"AP21_ORYSI","Q9VEZ2_DROME"
"TRINITY_DN10095_c2_g1",44.695610211932,-0.628036441335147,0.723292088645591,0.000458196102914802,0.0200047939355545,FALSE,"TENM_DROME","M9PJK5_DROME"
"TRINITY_DN10319_c0_g1",29.2755682740312,-0.534214997421157,0.384575109251087,0.00242095739594874,0.0521672216186215,FALSE,"Y7791_DICDI","MIDN_DROME"
"TRINITY_DN1040_c0_g1",4987.52638329591,-0.453442854189905,0.393531215118494,0.00481276705313115,0.0760264180439729,FALSE,"MCATL_BOVIN","Q9VKZ5_DROME"
"TRINITY_DN107_c0_g2",541.419965263219,0.43595842746826,0.23574761787952,0.00447737339706615,0.0732347894126022,FALSE,"WDR44_BOVIN","Q0KHZ4_DROME"
"TRINITY_DN10839_c0_g1",33.9443154316975,-0.81438160850325,0.741068406597881,0.000219935639516154,0.0126468958426296,FALSE,"S35G1_HUMAN","Q9VGN6_DROME"
"TRINITY_DN1116_c0_g1",343.660584279858,-0.434166750819379,0.401495924561825,0.00534746855376317,0.0813219285227714,TRUE,"MY61F_DROME","MY31D_DROME"
"TRINITY_DN1116_c0_g2",1043.12653953119,-0.540510205708378,0.355806660975578,0.00238268525428818,0.0517534210390094,TRUE,"MY61F_DROME","MY61F_DROME"
"TRINITY_DN1117_c1_g3",16.031490203804,-0.193438236104889,0.425087093984425,0.00766927610399765,0.0990960222799762,FALSE,"GPSM2_MOUSE","Q9VB22_DROME"
"TRINITY_DN11442_c1_g1",34.1806181056949,1.72803760008226,1.69495803392616,6.49574882655699e-06,0.00125950193253467,FALSE,"APG_BRANA","Q9VQK3_DROME"
"TRINITY_DN1182_c3_g1",5890.85219525259,-0.48066236273097,0.314891077312408,0.00459289091273881,0.0742497906121918,FALSE,"ODF3A_XENTR","M9PCD3_DROME"
"TRINITY_DN11852_c0_g1",52.3301333065708,1.0118118271851,1.05899627680222,6.19423316016428e-05,0.00584481959228676,FALSE,"MYB_XENLA","Q53YG3_DROME"
"TRINITY_DN118641_c0_g1",470.377378843023,-0.203646663823412,0.504429945565422,0.00227184659731834,0.0501335530521346,TRUE,"PCKGC_HUMAN","PCKG_DROME"
"TRINITY_DN118_c0_g1",801.55408052022,0.445653468115317,0.345475056307527,0.00654206280593539,0.0910420372717459,FALSE,"Y1760_DROME","Y1760_DROME"
"TRINITY_DN1196_c0_g2",41.519911629046,0.661945750846334,0.47782079294198,0.000673761185115773,0.0251507350184266,TRUE,"DNAL1_MOUSE","A1Z7U2_DROME"
"TRINITY_DN12016_c0_g1",127.605729860108,-0.411933516307389,0.46820152732579,0.00389394045844024,0.0679974808555416,FALSE,"LRP4_MOUSE","Q9VBN1_DROME"
"TRINITY_DN1217_c0_g2",260.851316257357,0.394760960365986,0.528513070679118,0.00259447462952116,0.0542417480237629,FALSE,"NOS_DROME","NOS_DROME"
"TRINITY_DN1231_c0_g2",80.26063742407,-0.467662471471005,0.405017399434976,0.00402089321773449,0.0690798919999141,FALSE,"PAX2A_DANRE","POXM_DROME"
"TRINITY_DN12492_c0_g1",307.257079851584,0.459291291037304,0.399491768910866,0.00443552199403123,0.0728488162773121,FALSE,"HEM4_HUMAN","Q9W3B3_DROME"
"TRINITY_DN124_c2_g1",874.027227074913,-0.928296828198118,0.57736910595699,9.51922264050108e-05,0.00772198369248198,FALSE,"C1TC_HUMAN","A0A0B4K623_DROME"
"TRINITY_DN12590_c0_g1",22.7122905649182,0.230033481843107,0.445461395333035,0.00644237665690177,0.0902618588113398,FALSE,"H32_CHLRE","H33B_DROME"
"TRINITY_DN1267_c1_g1",213.738525011579,0.646118469606448,0.235881807287429,0.000157356130563127,0.0104681330455583,FALSE,"SCYL2_HUMAN","Q9VAR0_DROME"
"TRINITY_DN126_c0_g1",259.131803364393,0.568814313222208,0.390486705215204,0.00171163106614066,0.0427689239945511,TRUE,"SMAL1_XENLA","SMAL1_DROME"
"TRINITY_DN1278_c0_g1",435.244982767746,-0.575489955033163,0.349613689383867,0.0016200516204845,0.0415787098303363,FALSE,"KPBB_DROME","M9PCI5_DROME"
"TRINITY_DN12844_c0_g1",111.311948998612,-0.651791791360031,0.397589687473697,0.000745491267186396,0.0266260816934999,FALSE,"SSGP_VOLCA","Q9VC76_DROME"
"TRINITY_DN1287_c0_g1",143.921693453041,-0.479359378259463,0.307969669392559,0.00459198253332306,0.0742497906121918,FALSE,"APH1_DROME","M9PCE6_DROME"
"TRINITY_DN1288_c5_g1",1473.52589824694,-0.883809970360273,0.557972574967829,0.000126365654856559,0.00905022851077414,TRUE,"NOTCH_DROME","M9NE67_DROME"
"TRINITY_DN1318_c0_g1",282.80717145252,-0.639919157261291,0.561485909578304,0.000704350871099837,0.0259343585655504,FALSE,"PLXB_DROME","Q0KIF1_DROME"
"TRINITY_DN13316_c0_g1",932.020398195428,-14.597293484115,16.0350813167648,7.68676543378171e-06,0.00142113538195185,FALSE,"COX1_AEDAE","COX1_DROME"
"TRINITY_DN136_c1_g1",11656.5803033571,-0.485348720192122,0.343485964936195,0.00435350712494021,0.0719902096026904,FALSE,"SKY_DROME","Q9VIH6_DROME"
"TRINITY_DN13770_c0_g2",77.601189678627,-0.654204025097321,0.456727237020814,0.000728442250962717,0.0265031294489284,FALSE,"LPHN_DROMO","A0A0B4KEG9_DROME"
"TRINITY_DN1417_c4_g1",1858.62998263461,-0.468280425602733,0.278658148255172,0.00455850964364016,0.0739812590272514,FALSE,"Y3427_DROME","B7Z0T1_DROME"
"TRINITY_DN14352_c0_g1",260.780533571744,-0.330477531594192,0.465214147222259,0.00546160259588682,0.0822317712815365,FALSE,"CP4C1_BLADI","C6A13_DROME"
"TRINITY_DN1458_c0_g1",210.721754380351,-0.594246761106188,0.345889693074297,0.00130033888281462,0.0367024478296119,FALSE,"HOOK3_HUMAN","HOOK_DROME"
"TRINITY_DN14618_c0_g1",261.636963998791,0.563419273063475,0.278470548622569,0.00125596103316462,0.0359709060616357,TRUE,"PSD13_RAT","Q7KMP8_DROME"
"TRINITY_DN14673_c0_g1",86.5456919074547,0.476087794999459,0.342403058418465,0.00481264034806174,0.0760264180439729,FALSE,"TRM44_MOUSE","TRM44_DROME"
"TRINITY_DN14786_c0_g1",1290.87751056958,-0.588251863556022,0.376922990159602,0.00142623312198867,0.038790836671172,FALSE,"SSH_DROME","D3PFH9_DROME"
"TRINITY_DN1481_c0_g2",1170.83295800857,-0.621281921039424,0.26568227608792,0.000456467610031113,0.0199659058203293,FALSE,"NAV2_HUMAN","M9PD86_DROME"
"TRINITY_DN14846_c0_g1",154.978683967234,-0.493387675804394,0.452057697460036,0.00260771187312782,0.0543754949859617,TRUE,"XCT_HUMAN","Q8IR48_DROME"
"TRINITY_DN14847_c0_g1",42.6656901666421,0.349894506358104,0.44218183483793,0.00647883627608535,0.0904582422330508,FALSE,"ZDH16_BOVIN","Q9VB73_DROME"
"TRINITY_DN1488_c0_g1",2311.17937794571,0.478995515974589,0.209913602261156,0.00129762440444195,0.0367024478296119,FALSE,"TM1L2_HUMAN","M9PEX2_DROME"
"TRINITY_DN1501_c1_g1",193.444487206032,-0.52334478374706,0.352226381033256,0.00287062871967518,0.0570674913458993,FALSE,"PCX1_HUMAN","M9PGU2_DROME"
"TRINITY_DN15098_c0_g1",32.9900739862415,-0.399473306802913,0.416469279048337,0.00615585839245368,0.0880963973573589,FALSE,"BRAT_DROME","M9MSJ1_DROME"
"TRINITY_DN1510_c0_g1",107.020670997195,0.435249417611478,0.276388516898826,0.0069317213172476,0.0941571149795628,TRUE,"RECQ5_HUMAN","Q9V433_DROME"
"TRINITY_DN1528_c0_g1",223.740734931735,0.698994188503348,0.252696122130197,0.000103323573720925,0.00807269366278057,FALSE,"PGTA_BOVIN","Q9VN77_DROME"
"TRINITY_DN15311_c0_g2",566.60134593676,0.477616574392876,0.328197193342907,0.00480550089773122,0.0760264180439729,TRUE,"PRS4_HUMAN","A0A0B4LIJ0_DROME"
"TRINITY_DN1532_c0_g1",2848.40682072774,-0.530119407433436,0.323931135804107,0.00261205384009317,0.0544022810667726,FALSE,"HIL_DROME","HIL_DROME"
"TRINITY_DN15628_c0_g1",306.23380768195,-0.512385434060812,0.403517979682092,0.00278086697986178,0.0561096377491274,FALSE,"PUR6_DROME","F0JAN1_DROME"
"TRINITY_DN16098_c0_g1",22.1149573585846,-1.05142808889066,0.931716395604751,7.32157801465314e-05,0.00652153667473264,FALSE,"XYL2_ASPCL","O96299_DROME"
"TRINITY_DN1648_c0_g1",3062.95026298126,-0.693550247387824,0.38299667929615,0.000466147718974827,0.0202306323160325,FALSE,"LAMC1_DROME","X2JAW6_DROME"
"TRINITY_DN16889_c0_g2",24.9613828402515,-0.35588250868884,0.468986786934298,0.00490255367239101,0.0768506518783317,FALSE,"NLGN2_MOUSE","B6IDZ4_DROME"
"TRINITY_DN1700_c0_g1",967.053113946978,-1.67668068169759,0.549467534881429,1.67836629763308e-07,8.89506164973907e-05,FALSE,"SYLC_HUMAN","Q9VQR8_DROME"
"TRINITY_DN1700_c0_g2",1262.42639682474,-0.560914864095634,0.364290992548774,0.00190878874353705,0.0455687486904916,TRUE,"SYLC_HUMAN","Q9VQR8_DROME"
"TRINITY_DN1706_c0_g2",281.830636604158,-0.589202851894453,0.358589647993495,0.00140434163954151,0.0384077025083584,FALSE,"BARK_DROME","BARK_DROME"
"TRINITY_DN1740_c2_g1",100.006607941107,0.558223821585498,0.256685898638073,0.000996473176570782,0.0314353676009666,FALSE,"MPP10_HUMAN","Q9VLK1_DROME"
"TRINITY_DN17478_c1_g1",2161.13014218343,0.0861710084376517,0.953063097367559,0.00584589285250379,0.0856257700676039,FALSE,"COX2_DROLO","COX2_DROME"
"TRINITY_DN1755_c0_g1",6844.29755217262,-0.633022349714357,0.442408579209476,0.000884508466179674,0.0291768513651945,FALSE,"EAA4_CANLF","Q9VPS6_DROME"
"TRINITY_DN17677_c0_g1",562.601690466571,-0.662153316971508,0.331929894089287,0.000541957535664432,0.0222730699724292,FALSE,"TBCB_DICDI","A0A0B4KG24_DROME"
"TRINITY_DN1779_c0_g1",884.364579105028,0.367188511166655,0.418111121251978,0.00741490782670751,0.0974727796533577,FALSE,"REF2P_DROSI","REF2P_DROME"
"TRINITY_DN1783_c0_g1",366.585047451236,-0.537139137392422,0.2909499388995,0.00202293646745737,0.0469542749844358,FALSE,"DPYD_MOUSE","Q9W374_DROME"
"TRINITY_DN1816_c0_g1",33.1826720890625,-0.581258118018456,0.47152580944068,0.00128028348117068,0.0364473898099788,TRUE,"LGR4_BOVIN","Q7KTA0_DROME"
"TRINITY_DN185_c0_g1",384.701575231448,-0.463672611048885,0.319020791217027,0.00562060080779816,0.0836356972799128,FALSE,"SR140_HUMAN","Q9W2N6_DROME"
"TRINITY_DN188_c11_g1",418.488413055722,-0.407158527303169,0.38769584016231,0.00724715481321035,0.0962741652809966,FALSE,"SRF_CHICK","B7YZQ0_DROME"
"TRINITY_DN1895_c0_g1",195.875755609858,0.495852931309124,0.270215951761452,0.00291392490440179,0.0573101403680556,FALSE,"GMPAA_DANRE","Q8SXU3_DROME"
"TRINITY_DN19044_c0_g1",56.518636232895,-0.452147713109155,0.490491299141212,0.00273354378624133,0.0557562276194279,FALSE,"STAN_DROME","A0A0B4JD63_DROME"
"TRINITY_DN1929_c0_g1",966.74323574201,-0.514582705734532,0.333271105430367,0.00317244248066548,0.0600479157396913,FALSE,"SBP1_HUMAN","Q9VFZ4_DROME"
"TRINITY_DN1947_c0_g2",8864.0298177811,-0.658704706793957,0.43337628637436,0.000705469359388695,0.0259343585655504,FALSE,"ACRO_RABIT","Q9V3T3_DROME"
"TRINITY_DN19662_c0_g1",214.923848914928,-0.404298461662789,0.425662197104407,0.00556269959653993,0.0831632743161134,TRUE,"LGR4_HUMAN","Q9VAD1_DROME"
"TRINITY_DN197437_c0_g1",60.8290006086918,-0.430572227738326,0.37505650834899,0.00651224834289474,0.0907065199543188,FALSE,"FBXL7_MOUSE","Q9VF10_DROME"
"TRINITY_DN19818_c1_g1",131.791437302986,0.512320829941513,0.396065914565408,0.00286160075543455,0.0569793628190753,FALSE,"P27K_GALME","Q9VXH7_DROME"
"TRINITY_DN1991_c0_g1",564.131133270732,-0.933679843754209,0.511701875844007,7.00203489276741e-05,0.00634352443176955,FALSE,"PYC_BOVIN","Q0E9E2_DROME"
"TRINITY_DN20112_c0_g1",166.581879131231,0.478492147913047,0.302626352858347,0.00456232110923111,0.0739812590272514,TRUE,"TRXR1_HUMAN","TRXR2_DROME"
"TRINITY_DN2012_c0_g1",374.471374556878,-0.783814855946585,0.332043224214938,0.000110695290931249,0.00844124593842393,FALSE,"IF2_FRACC","A1ZA45_DROME"
"TRINITY_DN2015_c0_g2",59.9311616500395,0.437398131418629,0.379550335022928,0.00597698442811293,0.0866839497015544,FALSE,"EMC4_XENTR","Q9VNQ3_DROME"
"TRINITY_DN20533_c0_g1",19.7435647542524,0.270534632769204,0.699262485873649,0.000622554275805252,0.0239958829288863,FALSE,"S6A13_RAT","E1JHT2_DROME"
"TRINITY_DN2069_c0_g1",111.177824102151,0.523560756207672,0.372532958427121,0.00276692008948935,0.0559507475700183,FALSE,"MAP2_BOVIN","Q9VL89_DROME"
"TRINITY_DN2073_c2_g1",262.953912342863,0.460528818722978,0.236824766381733,0.00312125122389414,0.0594327351309041,FALSE,"CD11B_MOUSE","D3PFF6_DROME"
"TRINITY_DN2073_c6_g1",4395.36034023205,-0.667673458082071,0.320757873105682,0.000466781934582888,0.0202306323160325,TRUE,"OGT1_MOUSE","Q7KJA9_DROME"
"TRINITY_DN2079_c0_g2",3444.40580225578,-0.491538992693533,0.455508769454498,0.0025979507201919,0.0542453480382536,FALSE,"EAAT_ONCVO","E1JHQ6_DROME"
"TRINITY_DN2156_c0_g1",1656.57576744278,-0.672752190520133,0.295684886343916,0.000338568561281111,0.016795852855192,FALSE,"AL1L1_XENLA","Q9VIC9_DROME"
"TRINITY_DN2171_c0_g2",370.117230984759,-0.494805728737893,0.323738527831261,0.00394445739605746,0.0683168849331324,FALSE,"FRM4A_HUMAN","Q9VUK7_DROME"
"TRINITY_DN219_c0_g1",370.195311084589,-0.334196478855043,0.159299379650134,0.00500583085167057,0.0779531906230522,FALSE,"PCBP3_HUMAN","M9NDY6_DROME"
"TRINITY_DN2225_c0_g1",777.018099655881,-0.4575655379917,0.251928187414705,0.00405849586021862,0.0693477215793078,FALSE,"K1109_DANRE","M9MRV1_DROME"
"TRINITY_DN2253_c0_g5",60.7920375391979,-1.01271370350737,0.556351502081457,4.45488222599866e-05,0.00488485516912177,TRUE,"NOTCH_DROME","M9NE67_DROME"
"TRINITY_DN22550_c0_g1",110.07676802782,-1.79272310055417,0.949760534291453,4.8867344589362e-06,0.00103595512706475,FALSE,"ACSS3_RAT","Q9VC92_DROME"
"TRINITY_DN23009_c0_g1",12918.4528214529,0.164548872877026,0.535733236951079,0.00224079220176548,0.0497590441507964,FALSE,"COX2_DROLO","COX2_DROME"
"TRINITY_DN23176_c0_g1",141.762299598979,-0.291116047843916,0.564368044196253,0.00142258615394189,0.038790836671172,FALSE,"GLNA_PANAR","X2JDA5_DROME"
"TRINITY_DN23186_c0_g1",32.0319348880531,-10.9797086078445,8.17586355029426,2.40276394506499e-06,0.000597444343351764,TRUE,"MYH4_MOUSE","A0A0B4JD95_DROME"
"TRINITY_DN2351_c0_g1",1147.44237265405,-0.546623305820589,0.379786570091787,0.00216816305233512,0.0486559046585777,FALSE,"S6A13_RAT","Q8IMC1_DROME"
"TRINITY_DN23647_c0_g1",324.244704337322,0.525002926036319,0.273923030584251,0.00202817009172424,0.0470414155701962,FALSE,"SRP54_BOVIN","Q9V3D9_DROME"
"TRINITY_DN2383_c1_g1",193.588176957485,0.628853383503109,0.583104566660824,0.000717684974706623,0.0262570690830832,FALSE,"USH_DROME","USH_DROME"
"TRINITY_DN23973_c0_g1",36.6532727744151,0.262816391650652,0.452301413193832,0.00656061811882895,0.0912603217675598,FALSE,"GRIP2_HUMAN","X2JIJ6_DROME"
"TRINITY_DN24018_c0_g1",91.0285064631437,-0.488755634722215,0.483036468954901,0.00231252166465721,0.050683211819318,FALSE,"CK5P2_HUMAN","A1Z9D3_DROME"
"TRINITY_DN2401_c8_g1",94.2691742980953,-0.342792783614349,0.431348963251498,0.0074319854503442,0.0975956026474911,FALSE,"GP1_CHLRE","B7Z017_DROME"
"TRINITY_DN24301_c0_g1",183.646373906933,0.477234592677949,0.269260863895554,0.00372829938188548,0.0662695316068063,FALSE,"STRAP_CHICK","Q9W1N4_DROME"
"TRINITY_DN2433_c0_g1",1515.13797673271,-0.485745222647995,0.315475485873972,0.00433053624620203,0.0717920430119616,FALSE,"TENM_DROME","TENM_DROME"
"TRINITY_DN243_c2_g2",1036.05554805666,-0.514533618743025,0.271181861724494,0.00227436945353992,0.0501448095422641,FALSE,"PACN2_CHICK","Q9VDI1_DROME"
"TRINITY_DN24835_c0_g2",60.330110588039,0.41889807099875,0.378728386828954,0.00702323007345971,0.0948259064653958,FALSE,"PHS2_MOUSE","PHS_DROME"
"TRINITY_DN2497_c0_g1",309.809050073231,-0.979779034131627,0.827760136036314,0.000101807490763607,0.00802583309006776,FALSE,"LAT2_MOUSE","Q9Y1A7_DROME"
"TRINITY_DN2499_c2_g1",2613.5861013511,-0.466524566328598,0.310707998029334,0.00538604226511641,0.0816343389375873,FALSE,"PFKA_DROME","A0A0B4KFI7_DROME"
"TRINITY_DN25145_c0_g1",16.9430853026171,0.759339252764793,0.768359986103586,0.000261812476997465,0.0143047679657086,FALSE,"RL402_TRYCR","R9PY16_DROME"
"TRINITY_DN2519_c2_g1",286.555564776658,-0.673416011896321,0.502775049768326,0.000605037655646206,0.0237525832245601,TRUE,"ZFHX4_CHICK","WNTG_DROME"
"TRINITY_DN2541_c0_g1",877.445372188255,-0.431144891790313,0.267998761573582,0.00690192261461812,0.0939723638715078,FALSE,"PGM1_BOVIN","PGM_DROME"
"TRINITY_DN256934_c0_g1",52.3095483434636,-0.592566297084505,0.632409473128132,0.000739172762640311,0.0266260816934999,TRUE,"MUC2_HUMAN","Q9W4M2_DROME"
"TRINITY_DN2576_c0_g1",182.674099895702,-0.592360543617705,0.519524170797517,0.0010462856953772,0.0325092682671065,FALSE,"HAOX1_MOUSE","A1Z8D3_DROME"
"TRINITY_DN2603_c0_g2",256.218670180211,-0.371582320359599,0.200173015697379,0.00688482585898224,0.093840796180787,FALSE,"Y6864_DICDI","M9NG75_DROME"
"TRINITY_DN2640_c0_g1",3318.65379852555,-1.13592016762481,0.394817428245345,1.81383495155006e-06,0.000480651146869503,TRUE,"LAMB1_DROME","LAMB1_DROME"
"TRINITY_DN2641_c0_g1",344.584281450396,-0.550372268396885,0.415290949220757,0.00191888192847241,0.0456383892621498,FALSE,"OGT1_HUMAN","Q7KJA9_DROME"
"TRINITY_DN26528_c0_g1",96.3478237356604,-0.431852774254598,0.450905758817339,0.0039268284899421,0.0682390516586943,FALSE,"TBB1_HOMAM","A1ZBL0_DROME"
"TRINITY_DN27074_c0_g1",835.383668235638,-0.441816354923715,0.369136567904662,0.00609882927299116,0.0875956061661455,TRUE,"SMAD6_MOUSE","Q5U110_DROME"
"TRINITY_DN270_c1_g1",440.255074085917,-0.475000362324161,0.290616078054781,0.00451295945569044,0.0735035296089229,FALSE,"CARL1_HUMAN","A1Z734_DROME"
"TRINITY_DN2714_c5_g1",595.615465913822,-0.544427029427088,0.331820371133284,0.00224734810975671,0.0498002944544626,FALSE,"CSKI1_HUMAN","A0A0B4LFD7_DROME"
"TRINITY_DN2838_c0_g1",165.408784763449,-0.554687733363892,0.272229676535862,0.00131521163974978,0.0368479426717211,FALSE,"SPRE1_XENTR","Q7K0G4_DROME"
"TRINITY_DN28622_c0_g1",113.451271853402,-0.456498604494098,0.411031356228928,0.00424640451481439,0.0712261412592116,FALSE,"ADCY5_RABIT","A8JNU1_DROME"
"TRINITY_DN29316_c0_g1",16.9487105260358,0.418498252374798,0.495197693860883,0.00311299341609595,0.0594327351309041,TRUE,"GWL_XENLA","A0A0B4KGX7_DROME"
"TRINITY_DN3005_c0_g1",30.2415046989892,-0.338876771451733,0.437242469109041,0.00712565267558724,0.0955666931383377,FALSE,"SGS3_DROYA","Q8SWU6_DROME"
"TRINITY_DN3005_c1_g1",107.95381295993,-0.383592874238684,0.437499208635637,0.00572575871833676,0.0848036336676249,FALSE,"MUC1_XENLA","CSUP_DROME"
"TRINITY_DN3014_c0_g1",400.313013252465,-0.797297716690301,0.460572298245905,0.000201177286396308,0.0120475264220644,FALSE,"CLASR_HUMAN","Q9VC54_DROME"
"TRINITY_DN30804_c0_g1",26.1002555486716,0.771789287203951,0.508554702694191,0.00027845371390199,0.0149570095411645,FALSE,"ORC2_BOVIN","ORC2_DROME"
"TRINITY_DN3142_c0_g1",1092.97288463074,-0.650596747765177,0.389362812831436,0.000748699299068857,0.0266260816934999,FALSE,"SAM11_HUMAN","Q9VKL0_DROME"
"TRINITY_DN321_c0_g1",336.482497561566,0.423624071580509,0.260569647467335,0.00719215157155431,0.0958923387102119,TRUE,"SARM1_DROME","A8JNN3_DROME"
"TRINITY_DN326_c1_g1",386.778066229531,-0.49704339219051,0.226210076600445,0.00142587070739788,0.038790836671172,FALSE,"MK38B_DROME","MK38B_DROME"
"TRINITY_DN3273_c0_g1",685.037144831814,-0.598584011677586,0.185571937316217,5.03347564127516e-05,0.00521366423182113,FALSE,"INPP_HUMAN","Q9VFP6_DROME"
"TRINITY_DN3316_c0_g1",65.6069182741893,-0.909465392348654,1.11943050123807,5.89699115289624e-05,0.00576979758987531,FALSE,"RGN_RABIT","H8F4T3_DROME"
"TRINITY_DN3326_c0_g1",524.747452110945,0.599378455389395,0.230314514260585,0.000293613845188912,0.015568734736879,FALSE,"UBP5_MOUSE","Q9VZU7_DROME"
"TRINITY_DN342_c0_g2",1619.42828055706,-0.556642355193727,0.347229919387327,0.00199602123325606,0.0466359141780378,FALSE,"CSTN1_DROME","CSTN1_DROME"
"TRINITY_DN34595_c0_g1",31.5284853758577,0.141642666215153,0.512782605881155,0.00312052980669923,0.0594327351309041,FALSE,"FIBH_BOMMO","A8DY89_DROME"
"TRINITY_DN3559_c0_g2",367.77226244243,0.460507081702482,0.228953125323748,0.00271830610741509,0.055692058380253,FALSE,"FKBP4_SPOFR","FKB39_DROME"
"TRINITY_DN3569_c0_g1",351.479978907357,0.411749327593418,0.24489192776979,0.00726433857302825,0.0963297340632716,FALSE,"COAC_MOUSE","Q8MKK3_DROME"
"TRINITY_DN356_c0_g3",123.160828439154,-0.553707701378999,0.364853411146555,0.00205864628267961,0.0473339791344388,FALSE,"MPDZ_HUMAN","INAD_DROME"
"TRINITY_DN3581_c0_g1",927.628131377768,-0.348930089225367,0.502512021514796,0.00356140647715644,0.0645040674139375,FALSE,"CLCN2_DROME","CLCN2_DROME"
"TRINITY_DN359_c1_g1",502.075768435981,0.626975722982777,0.315873652739957,0.000760839939722104,0.0268523299036883,FALSE,"HEXD_HUMAN","Q9VEB8_DROME"
"TRINITY_DN3751_c0_g1",1847.84869708841,-0.674127356448133,0.212586258631894,4.15118313354277e-05,0.00463170078819391,TRUE,"ITB8_HUMAN","X2JE30_DROME"
"TRINITY_DN379_c0_g1",559.264673313814,0.662108672272962,0.295601515635051,0.000392347426123467,0.0183204931032307,TRUE,"RWDD4_MOUSE","Q9VJ60_DROME"
"TRINITY_DN3802_c1_g3",70.3471300695905,0.562648879310478,0.279028163975112,0.00127760007071549,0.0364035883948761,FALSE,"TASP1_MOUSE","Q9VUX9_DROME"
"TRINITY_DN38083_c0_g1",1008.58202014036,0.48504151336225,0.30085560198323,0.00417972502059838,0.070617107851188,FALSE,"DCOR_RAT","DCOR1_DROME"
"TRINITY_DN3845_c0_g2",593.405115016765,-0.643572889506231,0.321620135307312,0.000640637220266698,0.0244557298526539,FALSE,"NOSTN_HUMAN","X2JAX8_DROME"
"TRINITY_DN3980_c0_g1",506.983459931427,0.490759507969692,0.291494326458166,0.00370845727801909,0.0661015879953638,TRUE,"VAMP7_MOUSE","Q7JYX5_DROME"
"TRINITY_DN3_c0_g2",626.156651211078,-0.481000046966533,0.303154421460872,0.00443261151416464,0.0728488162773121,TRUE,"AL3A2_RAT","Q7JR61_DROME"
"TRINITY_DN404_c2_g1",127.708888727949,0.704309305237635,0.343043007342118,0.000343298432336235,0.0169511597047515,FALSE,"COPZ1_BOVIN","Q8IQP2_DROME"
"TRINITY_DN408_c0_g1",472.054383123188,-0.550332246875036,0.347492054116998,0.00214164199356144,0.0482175310634188,FALSE,"COLL1_DROME","A0A0B4KGA1_DROME"
"TRINITY_DN4111_c0_g1",845.931540687941,-0.609867857093791,0.417993152669566,0.00111684856401488,0.0338557364033452,TRUE,"RERE_HUMAN","MSRB_DROME"
"TRINITY_DN4120_c0_g1",348.016224291804,0.482330445221804,0.247822601996198,0.00266731144135136,0.0550407764591382,FALSE,"VPS16_HUMAN","Q9VHG1_DROME"
"TRINITY_DN4122_c0_g1",3636.37980255357,-0.427006883618218,0.373659651699879,0.00677373396706772,0.0931698236723264,FALSE,"CO4A2_ASCSU","CO4A1_DROME"
"TRINITY_DN4223_c0_g1",255.988902925435,-0.964392725796423,0.536766366325027,6.05050298833269e-05,0.00582863442273497,TRUE,"CAD96_DROME","CAD96_DROME"
"TRINITY_DN4465_c0_g1",649.612402502179,-0.553431559883369,0.266393000849048,0.00123903785061663,0.0356476684611474,FALSE,"KPBA_DROME","Q6IDE0_DROME"
"TRINITY_DN4593_c0_g1",226.935014344358,0.40420933633269,0.234495948104427,0.0071448194531468,0.0956530170777345,FALSE,"RRP43_SCHPO","Q7K3N1_DROME"
"TRINITY_DN464_c1_g1",193.087814960639,-0.471100362493737,0.370352456243917,0.00462765334596913,0.0745677882371504,FALSE,"DISC_DROME","DISC_DROME"
"TRINITY_DN46_c3_g1",4257.50546095084,-0.434245740833151,0.213339992237149,0.003054793277881,0.0589080481766755,FALSE,"MA7D1_HUMAN","M9PE93_DROME"
"TRINITY_DN46_c7_g2",1077.21304903461,-0.538752038390469,0.329362165453788,0.00238916416712165,0.0518587244711956,FALSE,"CONT_DROME","CONT_DROME"
"TRINITY_DN47293_c0_g1",43.9624057419417,27.4518686501732,8.64408517954783,3.05752898849679e-07,0.000142979947507661,FALSE,"COX3_LOCMI","COX3_DROME"
"TRINITY_DN4752_c0_g1",75.2685742440823,0.440429315147228,0.347943867866356,0.00683081563061196,0.0934651920128355,FALSE,"CSRN3_HUMAN","Q9U4G5_DROME"
"TRINITY_DN4764_c0_g1",161.111480904694,0.627573863629438,0.346666883210189,0.000884478366278978,0.0291768513651945,FALSE,"SIL1_XENLA","SIL1_DROME"
"TRINITY_DN4868_c0_g1",760.81185415382,-0.852477267982607,0.411898475314271,9.09141928123909e-05,0.00759301553635212,FALSE,"SPRI_DROME","SPRI_DROME"
"TRINITY_DN48_c0_g1",910.805105250465,-0.771941561492687,0.212099685853962,5.44291585108201e-06,0.00110948257146511,FALSE,"MA2A2_MOUSE","A0A0B4KFG0_DROME"
"TRINITY_DN494_c0_g1",153.882812081275,-0.380890532105054,0.437771551998403,0.0057971001108672,0.0852988993813067,FALSE,"AKRCB_ARATH","Q9VGF3_DROME"
"TRINITY_DN4954_c0_g1",97.8673251951939,0.433922553279771,0.36822536932704,0.00658143332188648,0.0913899555470167,FALSE,"SYSC_CAEEL","Q9VQL1_DROME"
"TRINITY_DN495_c1_g1",70.4247285483742,-0.688553201782549,0.352403636998596,0.000439128494942646,0.0195025796238564,FALSE,"ASPG_SPOFR","A1ZBI7_DROME"
"TRINITY_DN5003_c0_g1",181.234763612789,0.595719443575512,0.30065343593041,0.00101427119764618,0.0319018890345707,FALSE,"NGLY1_DANRE","NGLY1_DROME"
"TRINITY_DN504_c0_g1",1880.75036806321,-0.82265336710659,0.388254508670046,0.000109548048622576,0.00839916437213906,FALSE,"SYNE1_MOUSE","M9MRF5_DROME"
"TRINITY_DN5061_c3_g1",169.792828952928,-0.649441251322912,0.373384862395868,0.000739545002343314,0.0266260816934999,FALSE,"SERC_DROME","SERC_DROME"
"TRINITY_DN506_c3_g1",442.544883399441,-0.5401775642821,0.45001563642796,0.001866018030176,0.0448846500314421,FALSE,"DUS7_HUMAN","M9PG13_DROME"
"TRINITY_DN5138_c0_g1",56.4750619512452,0.461385514783567,0.386923677735638,0.00466617842777046,0.0749392968811479,FALSE,"RUXE_DROME","RUXE_DROME"
"TRINITY_DN5173_c0_g1",53.1666911902565,0.281077543193228,0.827039112816523,0.000441683271899634,0.0195614016199672,FALSE,"TPIS_SCYPA","TPIS_DROME"
"TRINITY_DN5318_c0_g1",1822.26427505954,-0.607201214109638,0.349912687286132,0.0011308386967489,0.0340805491961814,FALSE,"HOW_DROME","B3DNL7_DROME"
"TRINITY_DN547_c13_g1",19.3590412900112,-0.254131958117015,0.479905113236059,0.00393364765973619,0.0682411685389805,FALSE,"OTX1_HUMAN","Q9W4M7_DROME"
"TRINITY_DN56470_c0_g1",91.0569365477057,0.508694256287095,0.744041022098234,0.000448636644252376,0.0197319455748013,FALSE,"CSAD_MOUSE","M9PG67_DROME"
"TRINITY_DN5674_c2_g1",24.7022312332339,-0.781500257736951,0.866743454475923,0.000182776639154091,0.0114411699772853,FALSE,"GNAF_DROME","GNAF_DROME"
"TRINITY_DN569_c2_g3",141.023127887476,-0.501545613545837,0.558069676173513,0.00149270967806112,0.0397876572109519,FALSE,"TMTC3_DROME","E2QCJ5_DROME"
"TRINITY_DN5710_c0_g1",368.512316639988,-0.644278005631653,0.317245862182518,0.000615020707830785,0.0237920237084077,FALSE,"IVD_PONAB","Q9VSL9_DROME"
"TRINITY_DN5801_c0_g1",154.777261222939,0.51081305387303,0.272704205347057,0.00243396078991386,0.0522170524880571,FALSE,"PPIL4_MOUSE","Q9XYZ6_DROME"
"TRINITY_DN585_c0_g1",217.487996255436,0.843053487510393,0.880473576931794,0.000151247428246342,0.0101896545991641,TRUE,"NAMPT_MOUSE","NOT_DROME"
"TRINITY_DN5863_c0_g1",138.299826652064,-0.223369115711874,0.519289377055297,0.00195987111512055,0.0460007660937573,FALSE,"SERA_PIG","Q9VKI8_DROME"
"TRINITY_DN597_c0_g1",995.658691179062,-0.52150260964323,0.289537621300134,0.002456504047351,0.0523204100480337,FALSE,"LTP_HHV2H","A0A0B4LH91_DROME"
"TRINITY_DN6062_c2_g1",67.7496669225606,0.594882333759332,0.404727793470413,0.00130540169487377,0.0367024478296119,FALSE,"SAP30_AEDAE","SAP30_DROME"
"TRINITY_DN6063_c2_g1",195.314698755977,-0.652646564715916,0.32834137957041,0.000597068887948514,0.0235853336246892,FALSE,"MOT10_DANRE","C8VV48_DROME"
"TRINITY_DN6081_c0_g1",57.4827806201759,1.25787205817775,0.772192857936873,2.40410747264372e-05,0.00321210981187385,FALSE,"IMP1L_HUMAN","D5A7R5_DROME"
"TRINITY_DN6145_c0_g2",2834.40324432283,-0.840328223786524,0.307881330561616,3.44818707433148e-05,0.00404608489950799,TRUE,"PYG_DROME","A4UZZ4_DROME"
"TRINITY_DN6171_c1_g1",92.8778045611111,0.593519069187969,0.472954157943551,0.0011626813102501,0.0343606905061738,FALSE,"MITOS_DANRE","Q9VYL5_DROME"
"TRINITY_DN6207_c0_g1",86.2910935696927,0.503299342574558,0.337649678447306,0.00360269419641438,0.0648709358730356,FALSE,"DNJC8_MOUSE","Q9VCH9_DROME"
"TRINITY_DN6210_c0_g1",333.835431287349,-0.504841039786747,0.309331071870431,0.00338649096005764,0.0627181281531002,FALSE,"MA2B1_MACFA","Q9VKV1_DROME"
"TRINITY_DN6252_c0_g1",908.760535378368,-0.507859644252471,0.387169333506378,0.00307771948053667,0.0591692210216879,FALSE,"SEM2A_SCHGR","SEM2A_DROME"
"TRINITY_DN6303_c0_g3",996.049786634266,-0.693467242056642,0.232889382122548,6.33580476106151e-05,0.00589100162564313,FALSE,"PP2B2_DROME","M9NEL1_DROME"
"TRINITY_DN653_c0_g1",2297.11384303886,-0.491998646798626,0.24252335632222,0.00212022461524886,0.0479224652800047,FALSE,"FUBP2_CHICK","Q9VN36_DROME"
"TRINITY_DN65_c2_g1",39.9481451696003,-0.646439252002493,0.61922188886661,0.000600065173857126,0.0236742834534525,FALSE,"ALE1_SCHPO","Q6NN55_DROME"
"TRINITY_DN668_c1_g1",205.571523405709,-1.10261092547957,1.01751968970199,5.57309829324471e-05,0.00560819470338255,FALSE,"URIC_DROME","URIC_DROME"
"TRINITY_DN6787_c0_g1",197.92506693507,-0.502414328574359,0.372583388184338,0.00340390040969587,0.0628940320324922,FALSE,"GABT_PIG","Q9VW68_DROME"
"TRINITY_DN6875_c0_g1",102.023950090237,0.452431340423731,0.33835078488917,0.00623161814610506,0.0886870696020057,TRUE,"DCR1A_CHICK","Q9VND2_DROME"
"TRINITY_DN6891_c0_g1",109.687925700863,-1.07162064715589,1.01732871851488,6.04422549666832e-05,0.00582863442273497,TRUE,"INSR_DROME","INSR_DROME"
"TRINITY_DN6914_c0_g2",1570.0954451034,0.416498836218108,0.660726813314805,0.000775376597183172,0.0270382673398459,FALSE,"ZNFX1_HUMAN","Q9VCB7_DROME"
"TRINITY_DN700_c0_g1",1811.70899122122,-0.513389256806389,0.269246890107618,0.00226111593298971,0.0500008522622669,FALSE,"NCOR1_XENLA","M9PGZ8_DROME"
"TRINITY_DN7046_c0_g1",170.318592375237,0.456518580769214,0.345754790388669,0.00585212550331245,0.0856381679152474,FALSE,"PKRI1_XENLA","Q7K1V1_DROME"
"TRINITY_DN7111_c0_g1",130.540255415131,0.371633283144139,0.439577412455191,0.00599156513253462,0.0867603732465703,TRUE,"PNKP_MOUSE","Q9VHS0_DROME"
"TRINITY_DN7140_c0_g1",291.595247933621,-0.548130384888173,0.32017894798268,0.00208181474200652,0.0475728409933446,FALSE,"LHPL4_HUMAN","Q9W068_DROME"
"TRINITY_DN7200_c2_g1",173.352209255453,-0.423557570249933,0.378230748594435,0.00677713919636425,0.0931698236723264,FALSE,"ATOH8_HUMAN","Q9VPI8_DROME"
"TRINITY_DN7415_c0_g1",128.06877001909,-0.371043228526632,0.414513803600615,0.00748253138931677,0.0979164673452197,FALSE,"NFIA_HUMAN","L0MPW8_DROME"
"TRINITY_DN7446_c0_g1",65.6657059243118,0.706272633675272,0.448143392022053,0.000458614886600813,0.0200047939355545,FALSE,"SPT4A_MOUSE","SPT4H_DROME"
"TRINITY_DN7455_c0_g1",10863.0322561915,-0.486594478889851,0.290202720729421,0.00388156301388911,0.0678558671130621,TRUE,"DYST_HUMAN","E1JH64_DROME"
"TRINITY_DN7571_c0_g1",78.8118227441694,0.435760538216241,0.298320040747749,0.00757739160788359,0.098727169966313,FALSE,"DTWD1_XENTR","Q9VAL1_DROME"
"TRINITY_DN7641_c0_g1",10919.4187065127,-0.981244648156248,0.584312148147708,6.52601944890634e-05,0.00605017179171349,TRUE,"B3A2_MOUSE","Q7KUD7_DROME"
"TRINITY_DN7691_c0_g1",171.911053744876,0.409235234972012,0.378714813877863,0.00760529445770447,0.0988553185709099,FALSE,"DUS3L_XENTR","Q9VIS4_DROME"
"TRINITY_DN7703_c0_g1",809.525873192889,-0.516646850765964,0.260002557234704,0.00192267451093401,0.0456578611924917,FALSE,"SCAPE_HUMAN","Q9VJ35_DROME"
"TRINITY_DN7875_c0_g1",1483.43380672075,-1.04328461899044,0.460921762451521,1.6164752640603e-05,0.00236876944340339,FALSE,"S17A5_HUMAN","Q9VPX2_DROME"
"TRINITY_DN7928_c0_g1",138.498590484583,-0.442194675268872,0.334588865728811,0.00700554857621675,0.0947276212030262,FALSE,"PAN3_XENTR","PAN3_DROME"
"TRINITY_DN79318_c0_g1",21.5914941918901,-0.455983331695715,0.602184847366277,0.00130722734404139,0.0367213094639331,FALSE,"TSEP_GLOPP","Q8IRV9_DROME"
"TRINITY_DN8074_c0_g1",207.754462538375,0.43914454318099,0.359416670970577,0.00657194639152666,0.0913345783227072,FALSE,"ERFB_ASHGO","Q9W251_DROME"
"TRINITY_DN823_c7_g1",117.741917941767,-0.611511940256111,0.500500847204391,0.000959274579313625,0.0306654465264071,FALSE,"ANO7_HUMAN","Q9VTS0_DROME"
"TRINITY_DN8264_c0_g1",130.571980357719,0.480258736232223,0.344866095774078,0.00458332356960122,0.0742083025406055,FALSE,"TSR3_MOUSE","Q9VFA0_DROME"
"TRINITY_DN82_c1_g1",1058.26405146835,-0.432308407492193,0.259877529490391,0.00633689870831491,0.0894791483240257,FALSE,"HTS_DROME","A0A0B4K849_DROME"
"TRINITY_DN835_c0_g1",218.714805765802,0.439120762433856,0.2698168470777,0.0062873099953761,0.0891749199567193,FALSE,"DOHH_MOUSE","DOHH_DROME"
"TRINITY_DN8394_c0_g1",176.328259510056,-0.515969173599209,0.553042025350298,0.00143316692400663,0.0388518968597502,TRUE,"RAB23_HUMAN","Q9VNG6_DROME"
"TRINITY_DN872_c1_g1",1020.98679473589,-0.768280181857459,0.405363237417912,0.000222871512819018,0.0127695337587963,FALSE,"BMPER_MOUSE","Q9W2H2_DROME"
"TRINITY_DN891_c0_g1",218.574615956074,-0.800657715696849,0.376913685590502,0.000131743377418935,0.00930957257454382,FALSE,"KLF3_MOUSE","Q9VED3_DROME"
"TRINITY_DN8937_c0_g1",116.678939202769,-0.524730261482803,0.368308338933368,0.00276044508404877,0.0559507475700183,TRUE,"CAD96_DROME","CAD96_DROME"
"TRINITY_DN898_c4_g1",3078.43780810624,-0.670594277648169,0.262988116626315,0.000205723170415584,0.0121594630038014,FALSE,"RTN1A_XENLA","Q9VMV9_DROME"
"TRINITY_DN91154_c0_g3",20.5752435737526,0.335561280328502,0.523573488663619,0.00280481099239615,0.0563160952189745,FALSE,"TBB5_CHICK","A1ZBL0_DROME"
"TRINITY_DN9144_c0_g3",38.7922804605121,0.54085817289314,0.338108538432558,0.00236439301522743,0.0515320997198197,FALSE,"RPAC2_BOVIN","RPB11_DROME"
"TRINITY_DN9159_c0_g1",72.523892356853,0.492876328691821,0.293528887650348,0.00365293496669593,0.0654052246655202,FALSE,"INT8_DROME","INT8_DROME"
"TRINITY_DN9352_c0_g1",163.382251811516,-0.803560162218045,0.323533998411512,7.58877235208001e-05,0.00670320477843868,FALSE,"CRCM1_DROME","CRCM1_DROME"
"TRINITY_DN9442_c0_g1",74.9206002304051,0.508957927058917,0.333869943422897,0.00338161978450018,0.0626743868582525,FALSE,"MET16_CHICK","MET16_DROME"
"TRINITY_DN950_c4_g2",1542.6012199694,-0.811747874093663,0.302611639710957,4.89947459411151e-05,0.00517602633282897,TRUE,"APC_RAT","Q9Y1T2_DROME"
"TRINITY_DN950_c5_g1",155.122619193483,-0.444516320753215,0.502192412569205,0.00264261252733471,0.0547086170291122,TRUE,"FMAR_DROME","FMAR_DROME"
"TRINITY_DN956_c0_g1",1957.60514328161,-0.720433767570099,0.529474525384074,0.000420924647910261,0.0190398049486464,FALSE,"U88_HHV6U","A0A0B4KF48_DROME"
"TRINITY_DN959_c1_g2",1408.73871074271,-0.496751842976474,0.197743577461279,0.000648982994074252,0.0246265038527054,TRUE,"RIP3_DICDI","B7Z0E2_DROME"
"TRINITY_DN9611_c0_g1",1297.91536423624,-0.546369343271948,0.384304251850378,0.00215401535552483,0.0483725524649251,FALSE,"GPC4_MOUSE","Q7KUL1_DROME"
"TRINITY_DN9642_c0_g1",330.125576145387,-0.48658050424177,0.322817689313576,0.0043324925481919,0.0717920430119616,FALSE,"SNX16_PONAB","Q7JR96_DROME"
"TRINITY_DN9673_c1_g1",78.5552794800104,0.444158108968365,0.344107265387832,0.00667342689969766,0.0922243815660522,FALSE,"MOCOS_HUMAN","MOCOS_DROME"
"TRINITY_DN9861_c0_g1",52.7603115800997,-0.358117164765937,0.477638947828759,0.0044840446236151,0.0732347894126022,TRUE,"GP179_HUMAN","M9PEK9_DROME"
"TRINITY_DN9867_c0_g1",140.701261871229,-0.991360382359944,0.45598964018705,2.72749674981777e-05,0.00354746872370408,FALSE,"MYCB2_DANRE","X2JF19_DROME"
"TRINITY_DN9886_c0_g1",124.555274293928,0.491225536311028,0.467991973385968,0.00245072339774294,0.0522322743463994,FALSE,"ITPA_NEMVE","ITPA_DROME"
"TRINITY_DN989_c2_g1",37.115436090997,-0.322570770914847,0.453952821810433,0.0062999042758603,0.0891993960881,FALSE,"GIL_DROME","GIL_DROME"
