"genes","baseMean","log2FoldChange","lfcSE","pvalue","padj","isDescendant","fly"
"TRINITY_DN10135_c0_g1",140.565176860389,0.529597389773708,0.316443912171773,0.000818843399828617,0.0279770100928166,FALSE,"COLT_DROME"
"TRINITY_DN10459_c0_g1",16.0624035001058,0.487238526043299,0.616757841231311,0.00230787527995988,0.0502906320777706,FALSE,"Q9V9M7_DROME"
"TRINITY_DN10528_c0_g1",74.6955951754339,0.335103192189969,0.169275175932185,0.00378663606869818,0.0665404386265753,FALSE,"NUBP2_DROME"
"TRINITY_DN105_c0_g1",1139.70033323027,0.556297511058991,0.476483460116828,0.00174913625139595,0.0428935912558234,TRUE,"Q9VAY2_DROME"
"TRINITY_DN1070_c1_g1",1070.55465728144,-0.90191917611829,0.393207019891468,4.29073758671867e-05,0.00473666275703474,FALSE,"Q86P36_DROME"
"TRINITY_DN10761_c0_g1",237.461597998363,-0.802382463467759,0.599333078220249,0.000508179952975021,0.0216806935678271,TRUE,"Q7KVP9_DROME"
"TRINITY_DN109172_c0_g2",3.62603511133246,0.215412282858012,0.540328236589686,0.00237291759761615,0.0512891488299911,FALSE,"Q9VWH7_DROME"
"TRINITY_DN10932_c0_g1",27.9623809743876,0.737031314981413,0.76585307652398,0.0005545725678192,0.0227606108232938,TRUE,"Q9VN36_DROME"
"TRINITY_DN1099_c0_g1",421.2327017544,-0.567234286422201,0.391083752324154,0.00102322706248257,0.0321672199370109,FALSE,"Q9VLS8_DROME"
"TRINITY_DN11003_c0_g1",950.138998474156,0.411620434154548,0.185560877838274,0.000968390850339107,0.0310860897821428,TRUE,"Q8SYY6_DROME"
"TRINITY_DN11146_c0_g1",310.158333256436,0.576020440825326,0.449357155780267,0.0013360148857311,0.0371134434808018,FALSE,"M9PBQ4_DROME"
"TRINITY_DN11229_c0_g1",27.1624683748097,-0.45078539348262,0.511797075735573,0.0038440371029491,0.0671081404261714,FALSE,"Q9VWD2_DROME"
"TRINITY_DN11231_c0_g1",159.034712962632,-0.897963569765408,0.63140010059589,0.000331876894759908,0.0168306492736597,FALSE,"NOCT_DROME"
"TRINITY_DN11442_c1_g1",34.1644552953159,-0.823066213340585,0.830439461442642,0.000308741597731851,0.0161613422574847,FALSE,"Q9VQK3_DROME"
"TRINITY_DN11479_c0_g2",9.70600778471334,-0.165760416642957,0.446428110389833,0.006152399629609,0.0877715459102145,TRUE,"Q9W3F4_DROME"
"TRINITY_DN115526_c0_g2",3.6945450584617,0.183408026597187,0.474750024483564,0.00447304531738889,0.0728932905882636,TRUE,"B7YZY9_DROME"
"TRINITY_DN1159_c2_g2",60.7144877940708,-0.87646669941873,0.965005798136083,0.000120805607821571,0.00882276588651472,TRUE,"GAR1_DROME"
"TRINITY_DN11664_c0_g1",12.2914834825178,0.259513713339304,0.492049248309682,0.00683866688557079,0.0933180254205939,TRUE,"Q9VAY2_DROME"
"TRINITY_DN1168_c3_g1",366.916852229212,-0.40078095076901,0.317550631478427,0.00432125875614181,0.0715472983269224,FALSE,"Q8MRM6_DROME"
"TRINITY_DN1170_c1_g1",619.180465540088,-0.340797117012777,0.201088002290213,0.00520249470111404,0.0797151833520676,FALSE,"X2JD28_DROME"
"TRINITY_DN118177_c1_g1",180.769459076957,-0.433499863421716,0.68068208243867,0.00110692669253292,0.0336596281259397,FALSE,"Q9W1U9_DROME"
"TRINITY_DN11852_c0_g1",52.3466119206156,-1.01646437379308,0.774387196254958,0.000208978559626084,0.0123500421217896,FALSE,"Q53YG3_DROME"
"TRINITY_DN1189_c1_g1",3779.73160995061,-0.403298618680447,0.265562871726945,0.00311288456782409,0.0594648063444591,FALSE,"CAD86_DROME"
"TRINITY_DN11902_c0_g1",7.62639398673213,0.31083925383059,0.544570896909707,0.00409621345227767,0.0694041065632914,TRUE,"G3M3A2_DROME"
"TRINITY_DN11944_c0_g2",3.05797878431701,0.243071818882306,0.506205331624835,0.00441368948265249,0.0723339047061456,FALSE,"A0A0B4KED0_DROME"
"TRINITY_DN1217_c0_g2",261.113702617214,-1.03282058735274,0.75296582770241,0.000200295223382723,0.012064406971136,FALSE,"NOS_DROME"
"TRINITY_DN12200_c0_g1",26.9822680850461,-0.311792021158449,0.522258725227067,0.00567142153610885,0.0838653311057936,FALSE,"NAAT1_DROME"
"TRINITY_DN1249_c1_g1",4267.63227577129,0.662508961622109,0.661939232086724,0.00106419608691551,0.0329290424710793,TRUE,"Q9VIU8_DROME"
"TRINITY_DN12520_c0_g1",486.780663499611,0.532973376306921,0.577303666161538,0.00223546599233152,0.0494210852461976,FALSE,"SAHH3_DROME"
"TRINITY_DN1253_c2_g1",357.063911578804,-0.500222639579599,0.390609660159639,0.00201866074781874,0.0467099967397397,FALSE,"B7YZM7_DROME"
"TRINITY_DN12834_c0_g1",17.9040845234537,0.517653939707481,0.565239273691547,0.00246245215809195,0.0523960319567542,FALSE,"LDAH_DROME"
"TRINITY_DN12955_c2_g1",6.63162095790037,0.408047120646442,0.650895031130099,0.00146390491464178,0.0392671655892966,FALSE,"A0A0B4LG52_DROME"
"TRINITY_DN13063_c1_g1",62.3276574123526,-1.08404815179905,0.713912162392413,0.000158869696118565,0.0105437152092656,FALSE,"SPR_DROME"
"TRINITY_DN131834_c0_g1",5.41501940396288,-0.371561589541371,0.555119439349211,0.00427357287759115,0.0711886151307502,FALSE,"UBE2C_DROME"
"TRINITY_DN13237_c0_g1",218.293838831809,-0.424886278007136,0.221481895325975,0.001377983302552,0.0376887354408256,FALSE,"Q24217_DROME"
"TRINITY_DN133160_c1_g1",5.98048659942006,-0.130636519228134,0.517988292909518,0.00414615629046793,0.0697609566196487,FALSE,"1433E_DROME"
"TRINITY_DN1337_c0_g2",697.075491834938,-0.473185446425648,0.240073915121596,0.000739675321269347,0.0267466124006705,FALSE,"M9PHV1_DROME"
"TRINITY_DN13997_c0_g2",405.188300200688,0.376945479503639,0.235419630329466,0.0037452943713326,0.0662581574366994,FALSE,"ARMET_DROME"
"TRINITY_DN1410_c0_g1",395.13185893117,0.738580239420215,0.365750490668686,0.000125648850018349,0.00898067638464818,FALSE,"TMX2_DROME"
"TRINITY_DN14125_c1_g1",39.0364506157831,-1.08568549327766,0.644596767656225,0.000134862953997158,0.00936433900858316,FALSE,"Q9VNW7_DROME"
"TRINITY_DN14341_c0_g1",25.7966344604526,-0.395513364235258,0.502457236882866,0.00537465667817221,0.0813470096055123,FALSE,"A0A0B4JD76_DROME"
"TRINITY_DN14389_c0_g1",19.7454353192871,-0.362010374214228,0.490710531109987,0.00663610387597747,0.0915722106219349,FALSE,"Q9VXG7_DROME"
"TRINITY_DN1449_c0_g1",453.754812618508,0.321454688744339,0.128333337736112,0.00164730335767515,0.0420294813202717,TRUE,"M9NF89_DROME"
"TRINITY_DN14889_c0_g1",60.0250361738183,-0.589506747586815,0.325655878255748,0.000413042321078971,0.0190039237933569,FALSE,"STRT1_DROME"
"TRINITY_DN1501_c6_g1",6.27673740826571,0.280911074603866,0.60555023484909,0.00145607669727167,0.0391632276016382,FALSE,"1433E_DROME"
"TRINITY_DN154073_c0_g1",29.0165022522551,0.245855532262232,0.488622976498634,0.00644815421329228,0.0898684626168389,FALSE,"Q9VJ43_DROME"
"TRINITY_DN15449_c1_g1",61.1125729672824,0.479598046092151,0.326019849989658,0.0017061602608861,0.0425435707132408,FALSE,"Q9VNH5_DROME"
"TRINITY_DN15713_c1_g1",54.7543220380111,-0.419182541019332,0.439088045192479,0.00486686560357617,0.0765624991012847,TRUE,"GAR1_DROME"
"TRINITY_DN15720_c0_g1",6.88988673019942,0.437333424689483,0.687679930373286,0.00103009232760034,0.0323222873038496,TRUE,"Q7JX87_DROME"
"TRINITY_DN15731_c0_g1",62.8946285186306,-0.430965232253108,0.433955721944618,0.00439260099971108,0.0720942643961413,FALSE,"Q9VKV6_DROME"
"TRINITY_DN15784_c0_g1",5.83364792088492,0.451233488159291,0.597332497169779,0.00281134887437052,0.0563094661669578,FALSE,"Q86BQ4_DROME"
"TRINITY_DN1582_c0_g1",37.5630331139077,0.454289948275889,0.352882241073973,0.00272072701213052,0.0553898952092232,FALSE,"MCCB_DROME"
"TRINITY_DN1582_c0_g2",64.3067477903369,0.429518440899599,0.308196214420829,0.00286487692522387,0.0569010743710619,FALSE,"MCCB_DROME"
"TRINITY_DN15975_c0_g2",86.8541488328515,-0.45424698629556,0.423180894156246,0.00352174842360667,0.0637095527426822,FALSE,"Q7KVF1_DROME"
"TRINITY_DN1602_c0_g2",131.639516108415,-0.480101234229063,0.315275303706807,0.00155870100672537,0.0407652359186986,TRUE,"Q9VWH7_DROME"
"TRINITY_DN16098_c0_g1",22.1187254684982,0.40025293676686,0.440947602707277,0.00566623862884152,0.0838497133357962,FALSE,"O96299_DROME"
"TRINITY_DN160_c0_g1",832.260155670389,-0.401495370470244,0.119587363786894,7.05247924926579e-05,0.00642774873048205,TRUE,"Q9VZD7_DROME"
"TRINITY_DN16273_c0_g1",8.29629459032625,0.351845422112143,0.466240879002579,0.00765350972101247,0.0989713272494149,FALSE,"1433E_DROME"
"TRINITY_DN16356_c0_g1",31.4552144729669,0.404211271058899,0.427982211015922,0.00546287309468648,0.0819089997234949,FALSE,"Q8SXK2_DROME"
"TRINITY_DN1668_c0_g1",357.637577763517,0.521251209981125,0.697024969601832,0.00116191740081308,0.0344769650274214,TRUE,"B7YZY3_DROME"
"TRINITY_DN1673_c1_g1",1351.97464412617,-0.404567587887057,0.224251141687245,0.0020795765320758,0.0474810617210946,FALSE,"Q6NP91_DROME"
"TRINITY_DN167493_c0_g1",5.11054748322801,0.31608343119167,0.594983284142651,0.00189315074547399,0.045070462124811,FALSE,"A0A0B4LHH1_DROME"
"TRINITY_DN1675_c0_g1",342.301840287382,0.400953639703206,0.312427538298637,0.0042152794140352,0.0706751283809842,FALSE,"Q9VNF4_DROME"
"TRINITY_DN16841_c1_g1",64.4160475279764,0.367211224447616,0.411595399583986,0.00742365227491048,0.0972779143275672,TRUE,"Q9VSU2_DROME"
"TRINITY_DN1684_c0_g1",171.628795179457,-0.442933263103318,0.296243546130341,0.00220974816840175,0.0490795926194356,FALSE,"WCSD_DROME"
"TRINITY_DN1701_c1_g1",424.693897564022,-0.397020031215574,0.316878876661734,0.00451244371361829,0.0732347063448899,FALSE,"Q7YU67_DROME"
"TRINITY_DN17030_c0_g1",93.088360020203,-0.360388579501854,0.30165732149996,0.00672557085742423,0.0924446177196999,FALSE,"Q9VED6_DROME"
"TRINITY_DN17125_c0_g1",17.3504369303534,0.508963291175393,0.533942262586306,0.00265680353477861,0.0547737849810482,TRUE,"F6J1D0_DROME"
"TRINITY_DN1778_c0_g1",427.69431224838,-1.23075492138145,0.661336294737594,7.15486760557252e-05,0.00646819369023771,FALSE,"NAAT1_DROME"
"TRINITY_DN1779_c0_g1",884.083792269697,-0.442318095081957,0.449342248783153,0.00407696039961761,0.0693643176026498,FALSE,"REF2P_DROME"
"TRINITY_DN17878_c0_g1",59.192540499703,-0.67349560181802,0.557605430785491,0.000975198353808176,0.0312383928024054,TRUE,"E3CTN7_DROME"
"TRINITY_DN179_c0_g1",227.729481377087,-1.28980492256478,0.448663075947915,9.1467178512451e-06,0.0015770544608572,FALSE,"Q9W1J0_DROME"
"TRINITY_DN18140_c2_g1",6.46896263062482,-0.406652273258544,0.679691333836236,0.00100756953310079,0.0318190316213642,FALSE,"Q2PDM3_DROME"
"TRINITY_DN182042_c0_g1",9.79439455817675,-0.933201238719908,0.889213589985819,0.000168782649917556,0.0108778629231066,FALSE,"A0A0B4KI35_DROME"
"TRINITY_DN18209_c0_g2",70.0701994894932,0.931808211815665,0.352432970212816,1.44379921947581e-05,0.00220518904530805,TRUE,"Q9VUR1_DROME"
"TRINITY_DN1858_c0_g1",452.618505381294,0.723159006955146,0.303627574306935,4.3593455433086e-05,0.0047652205581088,FALSE,"Q9VB10_DROME"
"TRINITY_DN18643_c0_g2",4.6045695256227,0.28202889369465,0.491458900961881,0.00773386284104167,0.0994196687817074,FALSE,"Q9VAW7_DROME"
"TRINITY_DN19268_c0_g1",77.3850993535632,0.338782813631347,0.616287059152062,0.00161774580730386,0.0415287640126683,FALSE,"A0A126GV09_DROME"
"TRINITY_DN192707_c0_g1",224.019371650379,-21.3022612516547,5.41308826474279,2.04669926445318e-07,0.000103727338934385,FALSE,"COX3_DROME"
"TRINITY_DN19301_c0_g1",38.2968257205628,-0.469454864915379,0.273419794496224,0.00122017370133054,0.0353670625093631,FALSE,"LIMK1_DROME"
"TRINITY_DN194829_c0_g1",1.70801474995836,0.19858846919261,0.477214509934009,0.00476216430884367,0.0754142335241145,FALSE,"RCL1_DROME"
"TRINITY_DN19571_c1_g1",6.47869224690456,-0.350194584015532,0.512693443006906,0.00616387220374581,0.0877715459102145,FALSE,"B7Z0N0_DROME"
"TRINITY_DN19646_c0_g1",14.2720520238173,0.252927474836702,1.67408315608848,0.00124486413271458,0.0357727322810739,FALSE,"Q9VH09_DROME"
"TRINITY_DN19676_c0_g1",761.720790490236,0.460653254290336,0.317222725908849,0.00203480854005433,0.0469981883847906,FALSE,"Q9VQ61_DROME"
"TRINITY_DN19686_c0_g1",32.8315232936387,-0.46650440140735,0.510291841796453,0.00349150535914043,0.0635404585189816,FALSE,"Q9VHG3_DROME"
"TRINITY_DN199670_c0_g1",13.1969903138079,0.448101368699699,0.52962145510054,0.003789636030483,0.0665404386265753,FALSE,"Q4QPU3_DROME"
"TRINITY_DN2006_c1_g2",2131.74685733102,1.34389442683469,0.426906633350783,4.74083512368591e-06,0.00101651406443699,FALSE,"Q0KI34_DROME"
"TRINITY_DN20133_c1_g1",624.580382030375,0.502624375953441,0.189450463147304,0.000113576122928671,0.00849558927545979,FALSE,"Q9W1H8_DROME"
"TRINITY_DN20353_c0_g1",8.80493670276381,0.315383248902034,0.567065644563847,0.00292130461387354,0.057381508239227,FALSE,"Q9VP35_DROME"
"TRINITY_DN20489_c0_g4",6.38592774111252,0.477337347545656,0.703987929276546,0.000971199173510753,0.0311463481828966,FALSE,"M9PB84_DROME"
"TRINITY_DN20633_c0_g2",1.7719220854957,0.244492982461295,0.514116198678316,0.00386424404311531,0.0672853196242395,FALSE,"Q7JXE4_DROME"
"TRINITY_DN206558_c2_g1",18.0670331221682,0.244066308438477,0.491693029422257,0.00595417638012266,0.0864086189100929,TRUE,"CATA_DROME"
"TRINITY_DN20862_c0_g1",423.662737516213,0.365478695824901,0.142886706303398,0.000902381823934449,0.0296500683976261,FALSE,"SYMPK_DROME"
"TRINITY_DN20901_c0_g2",3.9245390175374,0.20988838517639,0.471751621690585,0.00596555329017761,0.0864086189100929,FALSE,"RS20_DROME"
"TRINITY_DN20978_c0_g1",502.786372526239,-1.42621843318989,0.277910787013257,7.98314733234728e-09,7.85377338587307e-06,FALSE,"A8JR34_DROME"
"TRINITY_DN20988_c0_g1",62.2494759537311,0.416213408981783,0.279736631721935,0.00285117293141851,0.0567334225954895,FALSE,"PEX12_DROME"
"TRINITY_DN212_c1_g2",812.668434711579,0.479159316238185,0.34320685079493,0.00193347720916002,0.0456085184550024,FALSE,"B7Z017_DROME"
"TRINITY_DN21336_c1_g1",2.75436971129078,0.242641850338662,0.492008006042622,0.00582439518610805,0.0850381726315493,FALSE,"RHEB_DROME"
"TRINITY_DN21442_c0_g1",17.1570299132996,0.561139805795729,0.806887858006059,0.00040635257804759,0.0188888549982094,FALSE,"M9NCT8_DROME"
"TRINITY_DN21467_c0_g2",121.007334951996,-0.244888370633638,0.496488256293154,0.00545826368273461,0.0819089997234949,FALSE,"A1Z9R1_DROME"
"TRINITY_DN2152_c4_g1",110.136065763915,-0.500035149111929,0.326129504895408,0.00131976093399679,0.0369720967179721,FALSE,"M9PGK3_DROME"
"TRINITY_DN2159_c0_g1",110.763937561494,0.349300577493479,0.254463318171,0.006518863843058,0.0906273801689306,FALSE,"Q9VJ64_DROME"
"TRINITY_DN21787_c0_g1",5.64166995701097,-0.115906837265611,0.469154891503767,0.00604221637404422,0.0870699756331757,FALSE,"X2JH42_DROME"
"TRINITY_DN2198_c2_g1",761.394150313634,-0.390259035419545,0.234054563484643,0.00296077358634085,0.0578813066566423,TRUE,"Q7K306_DROME"
"TRINITY_DN22039_c0_g1",4.95817072957997,0.212686964981464,0.465816648471547,0.00702732327792764,0.0946586877955238,FALSE,"M9PH59_DROME"
"TRINITY_DN2224_c0_g1",372.134715626363,-1.09132545988108,0.560634645475269,8.52277569394739e-05,0.00723549046159508,TRUE,"CRERF_DROME"
"TRINITY_DN2241_c1_g1",148.648815264915,0.51321310799631,0.274236294743973,0.000619071085887349,0.0240641174485865,FALSE,"Q7PL83_DROME"
"TRINITY_DN22550_c0_g1",110.136542361243,0.36973207690141,0.386529971042866,0.00718499241190061,0.0955209901373861,FALSE,"Q9VC92_DROME"
"TRINITY_DN228470_c0_g1",5.52349870381944,-0.10793655387662,0.455045920315668,0.00714411115780338,0.0954264839960024,FALSE,"Q95TP9_DROME"
"TRINITY_DN23007_c0_g1",6.49165123384995,0.318861052674518,0.519110128370343,0.0059745961097051,0.08643783100066,TRUE,"Q9VFV9_DROME"
"TRINITY_DN23088_c0_g1",5.97438661275745,-0.116618734485455,0.476395959411504,0.00578604571262628,0.0848459565528134,FALSE,"M9PCC1_DROME"
"TRINITY_DN2318_c0_g1",297.639279643812,0.278975750973673,0.13345723774581,0.00565825759776228,0.0838059143020371,FALSE,"CSN7_DROME"
"TRINITY_DN23426_c0_g1",25.1413851647339,0.627250570683402,0.456000527752063,0.000897610464984049,0.0296500683976261,FALSE,"GATB_DROME"
"TRINITY_DN2351_c0_g1",1148.60860833296,-0.584258017238893,0.349546946214193,0.000586123728483395,0.0234793444240013,FALSE,"Q8IMC1_DROME"
"TRINITY_DN2374_c0_g2",113.404656841929,0.402231809395269,0.278192226930354,0.0034454347533305,0.0632163579665042,FALSE,"Q9VR62_DROME"
"TRINITY_DN23797_c0_g1",273.855161044293,-0.592532814556593,0.482964415233244,0.00135008224613763,0.0373831962343191,TRUE,"O76521_DROME"
"TRINITY_DN23841_c0_g1",54.6806749171487,0.579860955147272,0.572723221461459,0.00174540183676439,0.0428648649324024,TRUE,"Q9VAA6_DROME"
"TRINITY_DN23906_c0_g1",2.62920132682397,0.217913965395155,0.467312598751318,0.00727570197974785,0.096344004560802,FALSE,"Q7KM05_DROME"
"TRINITY_DN2399_c0_g1",506.7639019096,0.422823980229769,0.347847899769422,0.00378620607314551,0.0665404386265753,FALSE,"Q7K3V6_DROME"
"TRINITY_DN2409_c0_g2",52.4960345869347,0.394623451104531,0.235282234159653,0.00278147195991802,0.0559903738700173,FALSE,"Q9V3T1_DROME"
"TRINITY_DN24144_c2_g1",1.82897430731528,0.173184640082995,0.448004118363834,0.00633305397752069,0.0891558596355596,FALSE,"O97102_DROME"
"TRINITY_DN2417_c3_g1",241.585400873422,-0.451394195519626,0.187058299255155,0.000393016371592827,0.0184926371030885,FALSE,"Q9VLP5_DROME"
"TRINITY_DN2418_c0_g1",59.6678937611475,-0.373490253054777,0.392409892831649,0.00697126517485818,0.0944438431890771,TRUE,"ARMI_DROME"
"TRINITY_DN245513_c1_g1",3.00027376212067,0.202562464326135,0.477036468802893,0.00495440159320013,0.0772586381775996,FALSE,"Q9VK04_DROME"
"TRINITY_DN2488_c0_g1",672.125753283079,0.343131415369889,0.213367082859802,0.00557491521666259,0.0829573342059812,FALSE,"Q7K3B7_DROME"
"TRINITY_DN25379_c0_g1",8.7135654324616,0.306299596948673,0.493269277102576,0.00774642163310121,0.0995077728115326,TRUE,"X2JJA8_DROME"
"TRINITY_DN25379_c0_g2",5.65144408404743,0.646973565672455,0.900069693517905,0.00022067191703736,0.0127838640766182,TRUE,"X2JEE0_DROME"
"TRINITY_DN260_c0_g1",279.421956341009,-0.424356205436211,0.303587906832281,0.0029801320801966,0.0581238705250706,FALSE,"Q9VZ56_DROME"
"TRINITY_DN2633_c0_g1",155.921387422358,0.346785701777582,0.286792071787041,0.0076463245306878,0.0989713272494149,FALSE,"Q9I7L8_DROME"
"TRINITY_DN264_c0_g1",156.94488270214,-0.612324436629039,0.325931554476646,0.000307297468552917,0.0161484140990595,FALSE,"Q9VC76_DROME"
"TRINITY_DN2655_c3_g1",570.646513163273,0.444846165875644,0.419891316367753,0.00380015209996206,0.0666201716937269,FALSE,"A0A0B4KGM0_DROME"
"TRINITY_DN2690_c2_g1",41.1178475905991,0.51382557996698,0.252698787962553,0.000436609467471474,0.0196556528633289,FALSE,"Q9VG42_DROME"
"TRINITY_DN2758_c0_g1",75.2206334570514,0.615549378889456,0.448814049876519,0.000950446946263015,0.0305822406701842,FALSE,"A0A0B4KG16_DROME"
"TRINITY_DN2826_c1_g1",65.0064277191803,0.527203317465461,0.295186882417302,0.000661070089872711,0.0249854615097766,FALSE,"Q8T4A9_DROME"
"TRINITY_DN28744_c0_g1",368.16393077588,0.859313846244646,0.581561384573566,0.000345074886486943,0.0170745708255943,FALSE,"Q9W2U8_DROME"
"TRINITY_DN2901_c0_g1",82.8648839026991,0.46010143031926,0.347595304218288,0.0024771348260523,0.0525746718252687,FALSE,"Q9VLK0_DROME"
"TRINITY_DN290_c0_g1",187.387447431438,0.59451156989026,0.473481489676325,0.00127945435579665,0.0363915550570085,FALSE,"DDX55_DROME"
"TRINITY_DN2925_c1_g4",24.9254862624001,0.460835591820952,0.438920616443121,0.00344409928804642,0.0632163579665042,FALSE,"PEPE_DROME"
"TRINITY_DN2961_c0_g1",289.415058113499,0.521686725208894,0.367549566790346,0.00140335881187116,0.0381451008396785,FALSE,"Q9VX94_DROME"
"TRINITY_DN296_c0_g2",760.902591864737,-0.587478725697411,0.395723937455526,0.000862410163385015,0.0289668518697454,FALSE,"X2J909_DROME"
"TRINITY_DN29773_c0_g1",3.41742432181064,-0.14868021344067,0.514431392046019,0.00355188941443417,0.0640124725341641,FALSE,"RL4_DROME"
"TRINITY_DN2983_c0_g1",176.343672478746,-0.450684941236468,0.59803087711843,0.00280096040353914,0.0562154329768409,FALSE,"ACT6_DROME"
"TRINITY_DN29853_c0_g2",1.962712608687,0.205680109148286,0.5091878859403,0.00317725299911257,0.0600106340855045,FALSE,"Q9VDC3_DROME"
"TRINITY_DN2996_c0_g1",1563.03133634716,-0.373692643261565,0.263416567782951,0.0047639772619945,0.0754142335241145,TRUE,"XPA_DROME"
"TRINITY_DN3051_c0_g1",1195.79615895017,-0.505183529128555,0.156891979433525,2.12364973601179e-05,0.00291122786966633,FALSE,"Q9VNG9_DROME"
"TRINITY_DN3062_c0_g1",9381.17131121804,-0.405501387577115,0.321295942849347,0.00414609131541803,0.0697609566196487,FALSE,"Q9W2M4_DROME"
"TRINITY_DN3067_c0_g1",84.8872965385454,-0.517223534080054,0.40355002620071,0.00182087495991563,0.0438807251687449,FALSE,"Q9VWE5_DROME"
"TRINITY_DN3103_c0_g1",84.3477557435029,0.587338175150244,0.317695897316086,0.000381629530500703,0.0182364942637292,FALSE,"H2A_DROME"
"TRINITY_DN31051_c0_g1",5.28740116137586,-0.329763210955961,0.609803753595103,0.00167646786502008,0.0423121928557377,TRUE,"Q9VUE1_DROME"
"TRINITY_DN3138_c0_g2",925.700376408256,-0.36781555190623,0.314566609016852,0.00638647710953613,0.0894825246282964,FALSE,"Q9VR69_DROME"
"TRINITY_DN31391_c0_g2",6.05678936907754,0.320093855718615,0.628448160640642,0.0012908560274173,0.0365913925941367,FALSE,"Q9VKQ8_DROME"
"TRINITY_DN31401_c0_g1",3.65951630218006,0.28690337575291,0.495042799230461,0.00748242451841729,0.0976891560173848,FALSE,"CSK2B_DROME"
"TRINITY_DN31759_c0_g1",5.15171271519318,0.298428200404901,0.538106362406842,0.00417395980270644,0.0701229439682208,FALSE,"Q9V3D9_DROME"
"TRINITY_DN32031_c0_g1",81.509928586149,-1.3198152289468,0.555848215872736,2.59956323453009e-05,0.00337026320278283,FALSE,"Q8MRE7_DROME"
"TRINITY_DN322130_c0_g1",1.6749163059245,0.216145111374504,0.481041451710031,0.00532222191787288,0.0807726864477903,FALSE,"ELOVL_DROME"
"TRINITY_DN326_c0_g1",4104.40825138998,0.474632085785836,0.456683312910875,0.00318063770021565,0.0600390239472423,FALSE,"Q9W004_DROME"
"TRINITY_DN3313_c0_g1",1745.77025932775,0.533945492542943,0.405226906200668,0.00156119068467975,0.0407652359186986,FALSE,"ATPO_DROME"
"TRINITY_DN33143_c0_g2",2.27095953321454,0.202664860354027,0.467510713572074,0.0059579055091696,0.0864086189100929,FALSE,"Q7KVY5_DROME"
"TRINITY_DN33190_c0_g2",5.19847052225666,0.241302775043287,0.494831647858798,0.00541899500486935,0.0816854276331118,FALSE,"SURF4_DROME"
"TRINITY_DN33205_c0_g4",11.0335397974903,0.339133313857724,0.564805620415201,0.0035404491581849,0.0638560944229006,FALSE,"RL3_DROME"
"TRINITY_DN33553_c0_g2",30.3757461322875,-0.6304162105894,0.478906538316724,0.000987945974285361,0.031461536272176,TRUE,"A8JR46_DROME"
"TRINITY_DN3385_c0_g1",168.767916731486,0.419301410022784,0.338209812664297,0.00378691169858939,0.0665404386265753,FALSE,"Q9VES8_DROME"
"TRINITY_DN3391_c0_g1",756.386426257297,0.353379128266232,0.222872629040982,0.00503768606760496,0.0780491073251128,FALSE,"Q7JR58_DROME"
"TRINITY_DN34096_c0_g1",8.93945549855956,0.351683337604492,2.02105149690996,0.00077171364723105,0.0272525383797422,FALSE,"A1Z8D3_DROME"
"TRINITY_DN343_c3_g1",26.1175713168906,-0.878125505110796,0.797153933875424,0.000322972423939082,0.0166201609359052,FALSE,"E2QCZ6_DROME"
"TRINITY_DN34677_c0_g2",1.86399350049193,0.202548809710441,0.485524068138121,0.0042946494783611,0.0713974803189366,FALSE,"SEC13_DROME"
"TRINITY_DN34682_c0_g1",4.49047064557249,0.278076943970405,0.58864645687553,0.00169718206739878,0.0425435707132408,FALSE,"Q9W4K0_DROME"
"TRINITY_DN3492_c0_g2",358.314523611393,-0.383286211883056,0.272143010169643,0.00435453034451994,0.0717864393759721,FALSE,"TBA4_DROME"
"TRINITY_DN3523_c0_g1",233.800324163633,-0.392779359055027,0.256800650964343,0.00342666479520767,0.0631159200082056,FALSE,"ACKL_DROME"
"TRINITY_DN3524_c0_g1",259.086471409511,0.476879585476771,0.190634900401159,0.000231196926778265,0.0131295517891446,FALSE,"A0A0B4KF06_DROME"
"TRINITY_DN35461_c0_g1",12.6772970799511,0.406205400768393,0.547928917044527,0.00424268378178037,0.0710198031089065,TRUE,"CTNA_DROME"
"TRINITY_DN35504_c0_g1",6.56486293402074,0.324626076368384,0.751663592869738,0.000632667970157043,0.0244204791398373,TRUE,"LYSP_DROME"
"TRINITY_DN3565_c0_g1",2196.93728896138,0.328211777840194,0.200674354127633,0.00652673636679914,0.0906273882858714,FALSE,"Q9VXQ5_DROME"
"TRINITY_DN3588_c0_g1",194.937453721759,0.450576829072773,0.208326697859768,0.000659613078010483,0.0249585948488378,FALSE,"Q9VXG9_DROME"
"TRINITY_DN358_c0_g1",206.044745344703,0.404981496953161,0.450055166758904,0.00546031661685976,0.0819089997234949,FALSE,"G7H829_DROME"
"TRINITY_DN35923_c0_g1",920.346829599234,0.341908571576213,0.173198692070407,0.00351319987675764,0.0635969639461916,FALSE,"SPS1_DROME"
"TRINITY_DN35934_c0_g1",2.64808674231851,0.242392075249925,0.550223885367694,0.00226861115455147,0.0497591963990769,FALSE,"HCD2_DROME"
"TRINITY_DN359_c1_g1",501.893483081974,-0.412225054158702,0.21968620803004,0.00170618523528308,0.0425435707132408,FALSE,"Q9VEB8_DROME"
"TRINITY_DN3619_c0_g1",193.558154724701,0.327930149131066,0.181755036677411,0.00532917162356279,0.0808414792002502,FALSE,"M9NFF9_DROME"
"TRINITY_DN3631_c0_g1",121.507619406478,0.539101256318408,0.47539520250809,0.00199406058532143,0.046318980915567,FALSE,"Q9VNC1_DROME"
"TRINITY_DN3667_c0_g1",454.572592474311,0.426524086285844,0.341522253063257,0.00353481731699959,0.0638560944229006,FALSE,"Q7JYH3_DROME"
"TRINITY_DN36699_c0_g1",4.94541898713783,0.292223954419462,0.500867613828786,0.00704700111180793,0.0947789063887669,FALSE,"Q9VX36_DROME"
"TRINITY_DN3685_c0_g1",189.323262204125,0.558880377475768,0.47870437729751,0.00172649117322478,0.042777335743108,FALSE,"Q9VDC8_DROME"
"TRINITY_DN374016_c0_g1",5.93839054755247,-0.112525342914216,0.474713098188515,0.00612897963272308,0.0876103588610916,FALSE,"X2JGM9_DROME"
"TRINITY_DN375041_c0_g1",1.42435063896103,0.186711681248698,0.446884595940103,0.00754279349305081,0.0981136806099341,FALSE,"Q9VVD2_DROME"
"TRINITY_DN3785_c0_g1",688.998409348893,0.354611898095754,0.281680067893812,0.00677456953906699,0.092755864311196,FALSE,"Q0KHZ6_DROME"
"TRINITY_DN37890_c0_g1",3.58089765514996,0.281157167218489,0.525171943119139,0.00454133340093793,0.0735379557000393,TRUE,"A0A0B4KEU5_DROME"
"TRINITY_DN37930_c1_g2",367.782059773711,0.333094484721989,0.205697373392946,0.00624589255909217,0.0883004481018909,FALSE,"M9PFR6_DROME"
"TRINITY_DN37969_c0_g2",10.3172031821853,-0.38962520562251,0.487225833906255,0.00578846820094831,0.0848459565528134,FALSE,"A0A0B4K6W3_DROME"
"TRINITY_DN3899_c0_g1",620.432489790979,0.360959692167493,0.321830146315081,0.00706949085798578,0.0948531761301115,FALSE,"X2JLM6_DROME"
"TRINITY_DN391764_c0_g1",7.42058248531294,0.291669745587613,0.527999637640986,0.00470524013867191,0.0746965246314365,FALSE,"A0A0C4DHE8_DROME"
"TRINITY_DN3972_c0_g3",8.11950286626541,-0.854297768742686,0.953352137998636,0.000132598844206887,0.00930460002037815,FALSE,"X2JC90_DROME"
"TRINITY_DN4018_c0_g1",81.2159163311054,-0.541416077987065,0.599914781915267,0.0020523053047418,0.047115689868434,FALSE,"Q9VEY0_DROME"
"TRINITY_DN4032_c1_g1",109.564564631306,0.435623584748108,0.310770387860045,0.00268954065871087,0.0550902911777219,FALSE,"CUTC_DROME"
"TRINITY_DN408781_c0_g1",2.69627561232664,0.201078131070285,0.458418276675098,0.00708839717627106,0.0949919059090909,FALSE,"GRPE_DROME"
"TRINITY_DN409791_c0_g1",3.03798521429391,0.263556029774397,0.599192242556526,0.0015054550284903,0.0398385801012437,FALSE,"HOT_DROME"
"TRINITY_DN4111_c0_g1",846.289672295992,0.345896283309348,0.285262817615392,0.00769980120345087,0.0992488055700301,TRUE,"MSRB_DROME"
"TRINITY_DN411724_c0_g1",6.4293043083166,-0.190735212726354,0.684402341305736,0.00150367554316657,0.0398248302293051,FALSE,"RL19_DROME"
"TRINITY_DN41843_c0_g1",116.278480536442,0.385285566771401,0.303794518397016,0.00494663418256431,0.0771734919648291,FALSE,"RM41_DROME"
"TRINITY_DN4199_c0_g1",3412.49800940868,-2.01726425140675,0.389512716922091,3.46437539759116e-09,3.86266308913422e-06,TRUE,"O18680_DROME"
"TRINITY_DN4218_c0_g1",682.004427025874,0.447482113879934,0.29792128298752,0.00210263538390046,0.0475660936382559,FALSE,"PDIA6_DROME"
"TRINITY_DN42731_c0_g1",2.45821139029792,0.214445697441909,0.494398361818997,0.00409628575262348,0.0694041065632914,TRUE,"F3YDH0_DROME"
"TRINITY_DN42781_c0_g1",12.900409372033,-0.24421487449561,0.480682437926031,0.00739379861551889,0.0971387155893525,FALSE,"Q8IRZ1_DROME"
"TRINITY_DN42793_c0_g2",15.4510646810849,0.441160330724441,0.524378697593495,0.00397853323775257,0.068372761835707,FALSE,"Q9W0A8_DROME"
"TRINITY_DN43617_c0_g1",6.71893611268982,-0.116171039439876,0.504700955642557,0.00518642806174917,0.0796182421976182,FALSE,"SAHH2_DROME"
"TRINITY_DN43860_c0_g1",44.6632525124407,-0.370080163845035,0.299683779530338,0.00590875787060597,0.0858939774071704,FALSE,"ERK7_DROME"
"TRINITY_DN44102_c0_g1",18.9304828828362,0.680833976535452,0.713982365782082,0.000839067584912982,0.0284644742877833,TRUE,"Q9VXF6_DROME"
"TRINITY_DN4412_c0_g1",508.263222346354,0.340992850477937,0.168380009014299,0.00328147063018766,0.0612852658342529,TRUE,"E1JJN9_DROME"
"TRINITY_DN4423_c0_g1",287.066165902923,0.359994685547111,0.274178835861244,0.00610972717595519,0.0875221688687473,TRUE,"TIM10_DROME"
"TRINITY_DN4440_c0_g1",209.408801834747,1.15333938715901,0.937051416907969,7.27369890725776e-05,0.00649549284701404,TRUE,"X2JJC8_DROME"
"TRINITY_DN446282_c0_g1",8.00206573712818,0.360431015025998,0.590816411478531,0.00270461687636752,0.055269208597944,TRUE,"CATL_DROME"
"TRINITY_DN448043_c0_g1",13.7088561778777,0.261713310755385,1.71399268736159,0.00119191038581819,0.0349414640624299,FALSE,"Q9W457_DROME"
"TRINITY_DN44812_c0_g1",76.2048477858284,0.496556586119361,0.463118452235782,0.0027040697679652,0.055269208597944,FALSE,"Q8T0N5_DROME"
"TRINITY_DN4487_c0_g1",2755.46085426854,0.557315102426742,0.44843482943909,0.00156057319941531,0.0407652359186986,FALSE,"Q9VTW8_DROME"
"TRINITY_DN45090_c0_g1",4.6378606217317,0.278257516341188,0.61716623561705,0.00132354725563776,0.0369852398945928,FALSE,"Q9VLB7_DROME"
"TRINITY_DN4521_c0_g1",131.429957651669,0.328923493727921,0.185122377925776,0.00545750074509762,0.0819089997234949,FALSE,"Q9VPJ0_DROME"
"TRINITY_DN45488_c0_g1",468.43278324493,15.173863691454,2.80049475602574,1.36820211820638e-08,1.20434191189171e-05,FALSE,"CYB_DROME"
"TRINITY_DN4587_c0_g1",270.995482018781,0.37412212970953,0.120621897101649,0.000213996970791825,0.0125499858340679,FALSE,"Q9VIE7_DROME"
"TRINITY_DN4612_c1_g2",1239.67143991703,0.378166461806048,0.41795998534562,0.00676832553023636,0.092755864311196,FALSE,"Q8MSW4_DROME"
"TRINITY_DN4622_c0_g1",95.6940588445179,0.424761624139651,0.443093204869923,0.00466637679348372,0.0744683384376131,FALSE,"Q9VU36_DROME"
"TRINITY_DN464553_c0_g1",3.75388995769217,0.268338479057937,0.519752375967512,0.00445046563628675,0.072637042208564,FALSE,"Q9VMC6_DROME"
"TRINITY_DN4656_c0_g1",110.42270616516,0.338178004089528,0.198462065959168,0.00531818408796832,0.0807494050102943,FALSE,"O97183_DROME"
"TRINITY_DN4705_c0_g2",1225.82670789399,0.420106428032838,0.200609396157934,0.00108489273034843,0.0333775191676591,FALSE,"Q76NQ0_DROME"
"TRINITY_DN47293_c0_g1",43.8703257643137,-28.2853454205846,3.98161873624473,4.45983594984006e-13,7.45885263431001e-09,FALSE,"COX3_DROME"
"TRINITY_DN472_c0_g1",815.481067799146,-0.394252005622687,0.459513382670054,0.00587955500653778,0.085518130629581,FALSE,"M9MSK7_DROME"
"TRINITY_DN48092_c0_g1",846.134260246968,0.322929007131379,0.199332132249805,0.00709900609417855,0.0950579082642828,TRUE,"Q9VUM2_DROME"
"TRINITY_DN4879_c0_g1",315.818301449933,0.987773308544949,0.740817638314966,0.000244297194834938,0.0136875994472929,FALSE,"Q9VU35_DROME"
"TRINITY_DN488_c2_g1",111.801539549508,-0.552021003394856,0.292924629017413,0.000443593833557402,0.0197675942629109,FALSE,"Q8MMD0_DROME"
"TRINITY_DN4890_c0_g4",111.538955964594,-0.44575703153014,0.487834778477392,0.00403970547404725,0.0689865376511542,FALSE,"O61351_DROME"
"TRINITY_DN49145_c0_g3",14.4726051143419,-0.171932179843267,0.875014642815776,0.00160669825300763,0.041357979303202,TRUE,"C7LA75_DROME"
"TRINITY_DN49353_c0_g1",14.981340989169,0.354410638780264,0.504384766181031,0.00640835904678362,0.0894825246282964,FALSE,"A8QI34_DROME"
"TRINITY_DN494_c0_g1",154.08879452408,0.377575996028807,0.412993433290724,0.00679619159709776,0.0929377811657085,FALSE,"Q9VGF3_DROME"
"TRINITY_DN4998_c0_g1",79.2039352982694,-0.348722443118313,0.25432920099782,0.00657086321802325,0.0909643197355857,FALSE,"A8JQV2_DROME"
"TRINITY_DN50555_c1_g1",14.1946998352197,-0.6276075856521,0.633906208241656,0.00130410109891194,0.036880663855264,FALSE,"Q8IMS9_DROME"
"TRINITY_DN5062_c1_g1",1463.20430558324,0.375023058051762,0.347310000710846,0.00640822512762896,0.0894825246282964,FALSE,"ATPG_DROME"
"TRINITY_DN50_c0_g1",2025.9404451597,-0.993470264784374,0.592355598659964,0.000172703964698304,0.0110448348880686,FALSE,"H9XVM8_DROME"
"TRINITY_DN510_c0_g1",360.293536644677,-0.551369954291398,0.45396372060179,0.00167911344968877,0.0423121928557377,FALSE,"IRS1_DROME"
"TRINITY_DN5110_c0_g2",110.265322415591,0.37432685390598,0.400524222996538,0.00695675076272256,0.0943156529465291,FALSE,"Q8IGA7_DROME"
"TRINITY_DN5125_c0_g1",1578.33813177904,-0.793596838820738,0.381559768590557,9.25239270492814e-05,0.00758537459772406,FALSE,"FAS2_DROME"
"TRINITY_DN5199_c0_g3",25.557601865542,0.452841385935019,0.410035160305361,0.00344723719486094,0.0632163579665042,FALSE,"PPIA_DROME"
"TRINITY_DN5289_c0_g1",143.416336077527,0.320229061128457,0.195091227080566,0.00717527319865938,0.0955209901373861,FALSE,"HOT_DROME"
"TRINITY_DN53348_c0_g1",6.46276731973561,-0.15707969559289,0.506987572674085,0.00348787759301348,0.0635089916215067,FALSE,"A0A0B4JD48_DROME"
"TRINITY_DN53476_c0_g1",2.03965239902567,0.201078973256128,0.473192464975433,0.00523634228855222,0.0800504630757693,FALSE,"M9NEE8_DROME"
"TRINITY_DN53907_c0_g1",12.4626922717947,0.392111355529516,0.501357069653451,0.00549008884180722,0.082164645042331,FALSE,"O62526_DROME"
"TRINITY_DN54224_c0_g4",9.19784714794312,0.334514743475355,0.569780792429119,0.00320204275254938,0.0602730039561195,FALSE,"X2JGM9_DROME"
"TRINITY_DN5435_c0_g1",63.7316000146958,0.520775799817478,0.609146903409999,0.00216708216498946,0.0483890062327986,FALSE,"E2QCN3_DROME"
"TRINITY_DN5438_c0_g1",617.499262678915,0.342184040080129,0.250614350359356,0.0071191464556988,0.0952894476977467,FALSE,"Q9VFQ9_DROME"
"TRINITY_DN5475_c0_g1",157.498124714686,-0.541737222602262,0.275390048522306,0.000397459726939915,0.0185420228820268,TRUE,"Q9VK95_DROME"
"TRINITY_DN5495_c0_g2",372.891696434538,0.498995806433856,0.355104308021552,0.00166206281948733,0.0422128619962276,FALSE,"Q9VEP6_DROME"
"TRINITY_DN5577_c0_g1",122.017344224465,0.470556267657027,0.314361099520478,0.00175275158717388,0.0429507603218894,FALSE,"TIM13_DROME"
"TRINITY_DN56115_c0_g1",5.8259664961901,0.293285332357626,0.558447314425527,0.00281119833843112,0.0563094661669578,FALSE,"A1Z9F4_DROME"
"TRINITY_DN56150_c1_g1",750.360565019117,0.375218725247042,0.267736947730512,0.00477222350534944,0.0754733352389756,FALSE,"A1ZAW7_DROME"
"TRINITY_DN5644_c0_g1",754.746414310727,0.389050359776794,0.291018074532305,0.00444258528795407,0.0725586109847538,TRUE,"Q9VAL7_DROME"
"TRINITY_DN5654_c0_g1",752.083909277306,0.482438593440716,0.263382632161224,0.000879737420356826,0.0292799372870801,TRUE,"Q7K036_DROME"
"TRINITY_DN5655_c0_g1",3436.39905568683,0.366189236437659,0.575676918264416,0.00339963664735168,0.0628603903909708,FALSE,"Q9W3E3_DROME"
"TRINITY_DN572_c5_g1",269.313715333414,-0.579545826420674,0.602205970104832,0.00171207832724391,0.0425435707132408,FALSE,"Q9VC29_DROME"
"TRINITY_DN57414_c0_g1",9.82581552969886,0.339249352810626,0.573149130395348,0.00312864387357133,0.059638545949859,FALSE,"Q8IQF8_DROME"
"TRINITY_DN5757_c0_g1",153.795168451089,-0.42314214195426,0.389987436810282,0.00433156349083296,0.0715898966501027,FALSE,"Q9VJ75_DROME"
"TRINITY_DN5799_c0_g1",237.690662185239,0.437978976473776,0.336220767408801,0.00301656998852889,0.058448820493305,FALSE,"RM23_DROME"
"TRINITY_DN5822_c1_g2",146.964108256002,0.656656470681113,0.462825511914642,0.000733372932838698,0.0266636861201322,FALSE,"PHS_DROME"
"TRINITY_DN5828_c0_g1",106.36364346983,0.362704763141904,0.582558557855462,0.00307145489779383,0.0589088846767809,FALSE,"Q0KI05_DROME"
"TRINITY_DN6019_c0_g1",527.017346626395,0.368916022350734,0.215436716068386,0.00359461375279343,0.0644352815740554,FALSE,"A0A0B4LEQ0_DROME"
"TRINITY_DN6024_c0_g1",184.99337551312,-0.396204074017964,0.395982308052347,0.00566785858627269,0.0838497133357962,FALSE,"Q7PLP4_DROME"
"TRINITY_DN6055_c0_g1",90.3155307850946,-1.16257635810528,0.684545173750254,0.0001052998899196,0.00809543085020898,TRUE,"Q9VYF0_DROME"
"TRINITY_DN6062_c1_g1",1071.93099946034,0.929918355423036,0.419456865251851,5.26061576401324e-05,0.00530007038224334,FALSE,"MIRO_DROME"
"TRINITY_DN6077_c0_g1",238.762668945469,-0.369941279724443,0.38497399670176,0.00716097838138619,0.0954673439135061,FALSE,"MLE_DROME"
"TRINITY_DN6081_c0_g1",57.4628812435239,-0.542302914340842,0.439500289243059,0.00170932924627986,0.0425435707132408,FALSE,"D5A7R5_DROME"
"TRINITY_DN6145_c0_g2",2834.66198929676,0.366015931984618,0.197782537652614,0.00310500790587877,0.0593482339678507,TRUE,"A4UZZ4_DROME"
"TRINITY_DN61618_c0_g1",72.3637194978659,-0.483007037818366,0.555855648110338,0.00298957927309047,0.0581724474145452,FALSE,"M9NDG5_DROME"
"TRINITY_DN6165_c0_g1",1298.47157769492,-0.39593106457397,0.379959387696658,0.0055289818060389,0.0825988889817754,TRUE,"Q0IGQ2_DROME"
"TRINITY_DN616_c0_g1",67.6827559150947,0.173119286146089,1.4107246109215,0.00242603732666185,0.0519849599868753,FALSE,"A1ZA64_DROME"
"TRINITY_DN61886_c0_g1",3.63620022522656,0.497264374180624,0.82971707580197,0.000350938802474547,0.0173134985309309,FALSE,"Q9V3N6_DROME"
"TRINITY_DN6292_c0_g1",135.966442223177,-0.610590114420991,0.364936010495658,0.00050953872654439,0.0216806935678271,FALSE,"Q9VLM4_DROME"
"TRINITY_DN63680_c0_g1",4.79276322081699,0.234931926569524,0.515054536827595,0.00347764204676049,0.0634525876869154,FALSE,"Q9VAB9_DROME"
"TRINITY_DN6370_c0_g1",13.1237478255558,0.508056963086198,0.583520829287831,0.00248159262128859,0.0526025295243865,FALSE,"RL31_DROME"
"TRINITY_DN6384_c0_g3",111.904906558813,0.345953570143673,0.217399655296914,0.00548246586531688,0.0821240486918873,FALSE,"E2QCZ9_DROME"
"TRINITY_DN6409_c2_g1",36.0248084406667,-1.21216469460407,0.514946878087292,3.10828847173913e-05,0.0038223948930589,FALSE,"Q8SYN0_DROME"
"TRINITY_DN64575_c1_g1",31.5982077834624,-0.660117870349677,0.455834430742494,0.000681759652257725,0.0253944082498537,FALSE,"R9PY16_DROME"
"TRINITY_DN65423_c1_g1",19.6681112391655,-0.584754422527523,0.544025882267508,0.00166517891965247,0.042251255316846,FALSE,"Q7K119_DROME"
"TRINITY_DN6613_c0_g1",397.949333686772,-0.399660054264913,0.129267495459851,0.000157743538640795,0.0105106845099521,FALSE,"A1Z971_DROME"
"TRINITY_DN661_c0_g1",805.049306116461,0.32717130231183,0.157775518181192,0.00357427559009483,0.064232776537323,FALSE,"Q7JWD6_DROME"
"TRINITY_DN6656_c0_g2",67.7747506774782,0.587948491830936,0.70108293337155,0.00110892082220887,0.033669014523939,FALSE,"A0A0C4DHN7_DROME"
"TRINITY_DN6666_c0_g1",1016.91119967386,0.413562627534444,0.32170718766822,0.00376534403001749,0.066533012393056,FALSE,"Q7KUK9_DROME"
"TRINITY_DN6734_c0_g1",207.940317367164,0.859042204050529,0.785535267630275,0.000360009709511165,0.0175283330035501,FALSE,"A0A0B7P9G0_DROME"
"TRINITY_DN6782_c0_g1",89.6577809631667,0.390519826853333,0.291718996615449,0.00437128317602247,0.0719052228817986,FALSE,"Q9VKY3_DROME"
"TRINITY_DN6832_c0_g1",565.621197001524,-0.408904040616595,0.317824555119423,0.00391504659017131,0.067746711533699,FALSE,"M9PCF0_DROME"
"TRINITY_DN6891_c0_g1",109.764041180137,1.07449295273671,0.716477835284987,0.000166275261675444,0.0107572620323171,TRUE,"INSR_DROME"
"TRINITY_DN6958_c3_g1",621.256447880707,0.535410925564254,0.363919397570447,0.00117391582729949,0.0346569377822953,FALSE,"Q8IMM8_DROME"
"TRINITY_DN6971_c0_g1",241.720684510718,-0.760428653178896,0.467111996864778,0.000330961511830351,0.0168261181529772,FALSE,"Q7K4A1_DROME"
"TRINITY_DN6982_c0_g1",1371.69423254444,-1.26081287813222,0.508692156109713,2.27340893858939e-05,0.00304173022347506,FALSE,"ADCK_DROME"
"TRINITY_DN6_c0_g1",152.887857083974,-0.489154780863701,0.494381364308893,0.00299390789785106,0.0582228053925699,TRUE,"A0A0B4LHD7_DROME"
"TRINITY_DN706_c2_g1",193.822608300463,-0.369757563842726,0.316610248297623,0.00627740776423366,0.0885588411243575,FALSE,"Q9VZY2_DROME"
"TRINITY_DN7098_c0_g2",8.1004873904099,-0.323193641863609,0.500708079662746,0.00712495775953891,0.0953290848395268,TRUE,"M9NEC2_DROME"
"TRINITY_DN7216_c0_g2",2.53204285746443,0.192263237981164,0.453450712781896,0.00702957279691713,0.0946586877955238,TRUE,"R9PY16_DROME"
"TRINITY_DN7409_c0_g1",235.586516062732,-0.614694204541442,0.497587401613585,0.00120640860455747,0.0351814833599327,TRUE,"SELG_DROME"
"TRINITY_DN7469_c0_g1",538.520466189794,-0.363038758373464,0.272180584838711,0.00580401442235577,0.084962134973032,TRUE,"Q9VPP0_DROME"
"TRINITY_DN7498_c0_g1",562.192838837283,0.376034297653637,0.311584747786825,0.00572197334454949,0.0842887775278603,FALSE,"GCSH_DROME"
"TRINITY_DN7521_c0_g1",725.811648661298,0.99534863776163,0.408196226377718,2.7404899735252e-05,0.00352564035094016,TRUE,"Q9VL70_DROME"
"TRINITY_DN7565_c0_g2",940.966441328353,0.391327627663674,0.418663209881556,0.00605623573085664,0.0871665356976867,TRUE,"F3YDH0_DROME"
"TRINITY_DN7575_c0_g1",48.601941232602,-0.411539587511765,0.446250014646848,0.00519041880283946,0.0796182421976182,FALSE,"Q9VS89_DROME"
"TRINITY_DN7641_c0_g1",10924.137177559,1.58832789978503,0.343117554541155,6.95273958998076e-08,4.38796578387295e-05,TRUE,"Q7KUD7_DROME"
"TRINITY_DN7696_c0_g1",345.456920035194,0.363440191508985,0.176897117443188,0.00236824261966541,0.0512891488299911,FALSE,"CK5P3_DROME"
"TRINITY_DN7763_c1_g1",66.3546369302574,-0.508166424127965,0.555788949958008,0.00262354969104601,0.0544386560892046,FALSE,"Q9VTD9_DROME"
"TRINITY_DN7767_c0_g1",34.6810881460483,-0.457377484373436,0.491665878313202,0.0037292452935498,0.0661763744145764,FALSE,"A0A4P7VLH6_DROME"
"TRINITY_DN7805_c0_g1",147.926812771295,0.588297399652081,0.348187826202117,0.000550364852050621,0.0226156682263406,FALSE,"A1Z8C9_DROME"
"TRINITY_DN787_c0_g1",355.485152742571,-0.276504553067341,0.120213000206092,0.00376524337590296,0.066533012393056,FALSE,"Q8SY25_DROME"
"TRINITY_DN7963_c0_g1",52.3199281159017,0.384225795064608,0.282879981306777,0.00455291214173268,0.0736769996269068,FALSE,"OSGEP_DROME"
"TRINITY_DN7968_c0_g1",28.1376030613952,0.232636791224091,1.64706817371073,0.00149856162734738,0.0398136520040846,FALSE,"Q9VRS6_DROME"
"TRINITY_DN799_c0_g1",353.010426956904,-0.364260914415661,0.250879906504929,0.00510468299138944,0.0787576297873549,FALSE,"PCAT_DROME"
"TRINITY_DN8021_c0_g1",46.7710929045678,-0.410486282357807,0.364796466267759,0.00459246683559733,0.0739592793374555,FALSE,"A0A4P7VB75_DROME"
"TRINITY_DN8069_c0_g4",2.02481560636352,0.258968496287802,0.63387370875836,0.0012171098920461,0.0353395041484808,FALSE,"RS17_DROME"
"TRINITY_DN81380_c0_g4",7.89939132875032,21.9179620874221,3.57513668437661,4.51310617076032e-10,1.07827777361258e-06,FALSE,"A4V3Q6_DROME"
"TRINITY_DN81471_c0_g1",1.77894737331492,-0.208924857209349,0.488031226152762,0.00434206891451586,0.0716542422542701,FALSE,"M9PH99_DROME"
"TRINITY_DN81492_c1_g2",8.86308601317876,0.293217732795388,0.506443419387378,0.00657573395678933,0.0909643197355857,FALSE,"A4UZZ4_DROME"
"TRINITY_DN81743_c0_g2",13.721686321479,-0.569618504157126,0.723988659226745,0.00092063172258882,0.0299554576740014,FALSE,"A0A0B4KF40_DROME"
"TRINITY_DN8197_c0_g1",97.3115480737574,-0.404519726057154,0.364408990744007,0.00488367145985239,0.0766821511556236,FALSE,"UN93L_DROME"
"TRINITY_DN8199_c0_g1",6.51303285123664,0.286221160213969,0.508519158110094,0.00620203054894847,0.087996981773773,FALSE,"A1Z8U9_DROME"
"TRINITY_DN8491_c0_g1",43.5441290889915,-0.398373732550557,0.355851197014132,0.00508918730720915,0.0786636904985392,FALSE,"Q7KNS5_DROME"
"TRINITY_DN8536_c0_g1",5.64350576861128,0.310824213638868,0.606886359916393,0.00157614538268488,0.0408754743614522,FALSE,"M9PHM6_DROME"
"TRINITY_DN86581_c0_g1",2.96867975509025,0.229963784699105,0.503757249580955,0.00402503533885981,0.0688542953434718,FALSE,"Q8IMK7_DROME"
"TRINITY_DN866_c2_g1",273.23822874844,0.325107425386672,0.166826474230735,0.00448004565650353,0.0728932905882636,FALSE,"Q9VGA4_DROME"
"TRINITY_DN87119_c0_g2",6.179371431438,0.303589956394733,0.506110842876253,0.00677069020390899,0.092755864311196,FALSE,"Q95TV5_DROME"
"TRINITY_DN8771_c0_g1",97.5712162871958,-0.569673407836954,0.360446386464232,0.00077434494576452,0.0272525383797422,FALSE,"Q9VH63_DROME"
"TRINITY_DN8858_c0_g1",299.378717147746,0.347562925365603,0.138043353542542,0.00121430540488762,0.0352887067663648,FALSE,"A0A0B4LEV3_DROME"
"TRINITY_DN88_c1_g1",97.5036497216716,-0.540185693431519,0.409369493276172,0.00150374482285307,0.0398248302293051,FALSE,"H9XVQ2_DROME"
"TRINITY_DN8941_c1_g1",200.114626821514,-0.514013963719553,0.360582937144426,0.0014559736823186,0.0391632276016382,FALSE,"Q9W194_DROME"
"TRINITY_DN90823_c0_g1",118.462599440799,0.348529510903189,0.189225175027114,0.00391344973445916,0.067746711533699,FALSE,"Q9VBZ6_DROME"
"TRINITY_DN9083_c0_g1",480.9099533486,0.418825655225934,0.496418693120434,0.0047707224530165,0.0754733352389756,FALSE,"E1JIU2_DROME"
"TRINITY_DN9246_c0_g1",2581.4505883705,-0.412253058574366,0.220234491819694,0.00171764836740859,0.0426213800010757,TRUE,"E1JI40_DROME"
"TRINITY_DN9256_c0_g1",117.323619351515,0.408363854742781,0.439059589202744,0.00531077827788478,0.0807455557349854,FALSE,"COQ6_DROME"
"TRINITY_DN93152_c0_g1",2081.28720346172,0.238931793632755,0.497767868596715,0.00497094937770087,0.077367305953119,FALSE,"COX3_DROME"
"TRINITY_DN9331_c0_g1",589.079630701948,0.345752180081342,0.159722610975655,0.0024550644005375,0.0522720872906294,FALSE,"M9PBW0_DROME"
"TRINITY_DN9382_c0_g1",743.980324810483,-1.09558935390551,0.603624123816814,0.000107774513620871,0.0082117305378235,FALSE,"Q9VCD9_DROME"
"TRINITY_DN9393_c0_g2",59.5800451711236,-0.360960223008914,0.428232896772948,0.00774859258306421,0.0995077728115326,FALSE,"A1Z7H2_DROME"
"TRINITY_DN93989_c0_g1",4.53296747948999,0.512668105086609,0.858601103133792,0.000303036579214224,0.0160805935435516,FALSE,"M9PE73_DROME"
"TRINITY_DN9412_c0_g1",24.2549676502981,-0.543872079695463,0.457600638616526,0.00181206724586249,0.0437630594273317,FALSE,"Q7KJ08_DROME"
"TRINITY_DN9439_c1_g1",1434.34521043654,2.00494331854992,2.25798723806528,7.8135765252794e-06,0.00142799090118048,FALSE,"Q9V396_DROME"
"TRINITY_DN9585_c0_g1",49.7956729072694,-0.372740918812694,0.31884208518288,0.00609831070754787,0.0875085349020887,FALSE,"Q9W2S5_DROME"
"TRINITY_DN97567_c0_g2",6.46638241189367,-0.144369882399624,0.626852394051628,0.00266976055222385,0.0548867982245454,FALSE,"R9PY16_DROME"
"TRINITY_DN975_c0_g1",736.285289465595,-0.333268266299868,0.205265625441086,0.00620338075944144,0.087996981773773,FALSE,"X2JKM9_DROME"
"TRINITY_DN9929_c1_g1",85.6616257941976,0.556507387775073,0.387213424916133,0.00111128265243205,0.0337001753773342,FALSE,"Q9VDZ7_DROME"
"TRINITY_DN9974_c0_g1",141.706549444673,-0.384823882648157,0.377519543311612,0.00614215834133712,0.087723763603495,FALSE,"Q9VH10_DROME"
